INSERT INTO `wp_termmeta` (`meta_id`, `term_id`, `meta_key`, `meta_value`) VALUES
(1, 15, 'product_count_product_cat', '7'),
(246, 449, 'order', '0'),
(247, 449, 'commision', '0'),
(248, 449, 'display_type', ''),
(249, 449, 'thumbnail_id', '0'),
(250, 450, 'order', '0'),
(251, 450, 'commision', '0'),
(252, 450, 'display_type', ''),
(253, 450, 'thumbnail_id', '0'),
(254, 449, 'product_count_product_cat', '1'),
(255, 451, '_sb_dynamic_form_fields', 'eyJhY3Rpb24iOiJlZGl0ZWR0YWciLCJ0YWdfSUQiOiI0NTEiLCJ0YXhvbm9teSI6InNiX2R5bmFtaWNfZm9ybV90ZW1wbGF0ZXMiLCJfd3Bfb3JpZ2luYWxfaHR0cF9yZWZlcmVyIjoiaHR0cHM6XC9cL2FkZm9yZXN0cHJvLnNjcmlwdHNidW5kbGUuY29tXC9ib29rZm9yZXN0XC93cC1hZG1pblwvZWRpdC10YWdzLnBocD90YXhvbm9teT1zYl9keW5hbWljX2Zvcm1fdGVtcGxhdGVzJnBvc3RfdHlwZT1hZF9wb3N0IiwiX3dwbm9uY2UiOiI3MWI3ZGFkODJhIiwiX3dwX2h0dHBfcmVmZXJlciI6IlwvYm9va2ZvcmVzdFwvd3AtYWRtaW5cL3Rlcm0ucGhwP3RheG9ub215PXNiX2R5bmFtaWNfZm9ybV90ZW1wbGF0ZXMmdGFnX0lEPTQ1MSZwb3N0X3R5cGU9YWRfcG9zdCZ3cF9odHRwX3JlZmVyZXI9JTJGYm9va2ZvcmVzdCUyRndwLWFkbWluJTJGZWRpdC10YWdzLnBocCUzRnRheG9ub215JTNEc2JfZHluYW1pY19mb3JtX3RlbXBsYXRlcyUyNnBvc3RfdHlwZSUzRGFkX3Bvc3QiLCJuYW1lIjoiYm9vayIsInNsdWciOiJib29rIiwiZGVzY3JpcHRpb24iOiIiLCJfc2JfZGVmYXVsdF9jYXRfcHJpY2Vfc2hvdyI6IjEiLCJfc2JfZGVmYXVsdF9jYXRfcHJpY2VfcmVxdWlyZWQiOiIxIiwiX3NiX2RlZmF1bHRfY2F0X3ByaWNlX3R5cGVfc2hvdyI6IjEiLCJfc2JfZGVmYXVsdF9jYXRfcHJpY2VfdHlwZV9yZXF1aXJlZCI6IjEiLCJfc2JfZGVmYXVsdF9jYXRfdmlkZW9fc2hvdyI6IjEiLCJfc2JfZGVmYXVsdF9jYXRfdmlkZW9fcmVxdWlyZWQiOiIwIiwiX3NiX2RlZmF1bHRfY2F0X3RhZ3Nfc2hvdyI6IjEiLCJfc2JfZGVmYXVsdF9jYXRfdGFnc19yZXF1aXJlZCI6IjAiLCJfc2JfZGVmYXVsdF9jYXRfaW1hZ2Vfc2hvdyI6IjEiLCJfc2JfZGVmYXVsdF9jYXRfaW1hZ2VfcmVxdWlyZWQiOiIwIiwiX3NiX2RlZmF1bHRfY2F0X2NvbmRpdGlvbl9zaG93IjoiMSIsIl9zYl9kZWZhdWx0X2NhdF9jb25kaXRpb25fcmVxdWlyZWQiOiIxIiwiX3NiX2RlZmF1bHRfY2F0X3dhcnJhbnR5X3Nob3ciOiIxIiwiX3NiX2RlZmF1bHRfY2F0X3dhcnJhbnR5X3JlcXVpcmVkIjoiMSIsIl9zYl9kZWZhdWx0X2NhdF9hZF90eXBlX3Nob3ciOiIxIiwiX3NiX2RlZmF1bHRfY2F0X2FkX3R5cGVfcmVxdWlyZWQiOiIxIiwiX3NiX2R5bmFtaWNfZm9ybV90eXBlcyI6WyIxIiwiMSJdLCJfc2JfZHluYW1pY19mb3JtX2luX3NlYXJjaCI6WyJ5ZXMiLCJ5ZXMiXSwiX3NiX2R5bmFtaWNfZm9ybV9jb2x1bW5zIjpbIjEyIiwiMTIiXSwiX3NiX2R5bmFtaWNfZm9ybV9yZXF1aXJlcyI6WyIwIiwiMSJdLCJfc2JfZHluYW1pY19mb3JtX3N0YXR1cyI6WyIxIiwiMSJdLCJfc2JfZHluYW1pY19mb3JtX3RpdGxlcyI6WyJhdXRob3IiLCJQdWJsaXNoZXIiXSwiX3NiX2R5bmFtaWNfZm9ybV9zbHVncyI6WyJhdXRob3IiLCJwdWJsaXNoZXIiXSwiX3NiX2R5bmFtaWNfZm9ybV92YWx1ZXMiOlsiIiwiIl19'),
(256, 452, '_sb_category_template', '451'),
(257, 452, 'adforest_make_bid_cat_base', 'no'),
(258, 452, 'adforest_make_cat_paid', 'no'),
(259, 453, '_sb_category_template', '451'),
(260, 453, 'adforest_make_bid_cat_base', 'no'),
(261, 453, 'adforest_make_cat_paid', 'no'),
(262, 454, '_sb_category_template', '451'),
(263, 454, 'adforest_make_bid_cat_base', 'no'),
(264, 454, 'adforest_make_cat_paid', 'no'),
(265, 455, '_sb_category_template', '451'),
(266, 455, 'adforest_make_bid_cat_base', 'no'),
(267, 455, 'adforest_make_cat_paid', 'no'),
(268, 456, '_sb_category_template', '451'),
(269, 456, 'adforest_make_bid_cat_base', 'no'),
(270, 456, 'adforest_make_cat_paid', 'no'),
(271, 457, '_sb_category_template', ''),
(272, 457, 'adforest_make_bid_cat_base', 'no'),
(273, 457, 'adforest_make_cat_paid', 'no'),
(274, 458, '_sb_category_template', ''),
(275, 458, 'adforest_make_bid_cat_base', 'no'),
(276, 458, 'adforest_make_cat_paid', 'no');

INSERT INTO `wp_terms` (`term_id`, `name`, `slug`, `term_group`) VALUES
(1, 'Uncategorized', 'uncategorized', 0),
(2, 'simple', 'simple', 0),
(3, 'grouped', 'grouped', 0),
(4, 'variable', 'variable', 0),
(5, 'external', 'external', 0),
(6, 'exclude-from-search', 'exclude-from-search', 0),
(7, 'exclude-from-catalog', 'exclude-from-catalog', 0),
(8, 'featured', 'featured', 0),
(9, 'outofstock', 'outofstock', 0),
(10, 'rated-1', 'rated-1', 0),
(11, 'rated-2', 'rated-2', 0),
(12, 'rated-3', 'rated-3', 0),
(13, 'rated-4', 'rated-4', 0),
(14, 'rated-5', 'rated-5', 0),
(15, 'Uncategorized', 'uncategorized', 0),
(16, 'adforest_classified_pkgs', 'adforest_classified_pkgs', 0),
(211, 'Australia', 'australia', 0),
(212, 'Victoria', 'victoria', 0),
(213, 'Germany', 'germany', 0),
(214, 'Berlin', 'berlin', 0),
(215, 'Hamburg', 'hamburg', 0),
(216, 'Hesse', 'hesse', 0),
(217, 'India', 'india', 0),
(218, 'Delhi', 'delhi', 0),
(219, 'Goa', 'goa', 0),
(220, 'Haryana', 'haryana', 0),
(221, 'Pakistan', 'pakistan', 0),
(222, 'Punjab', 'punjab', 0),
(223, 'Sindh', 'sindh', 0),
(224, 'Baluchistan', 'baluchistan', 0),
(225, 'KPK', 'kpk', 0),
(226, 'Lahore', 'lahore', 0),
(227, 'Multan', 'multan', 0),
(228, 'Dera Ghazi Khan', 'dera-ghazi-khan', 0),
(229, 'Kasur', 'kasur', 0),
(230, 'Sheikhupura', 'sheikhupura', 0),
(231, 'Queensland', 'queensland', 0),
(232, 'Central Queensland', 'central-queensland', 0),
(233, 'North Queensland', 'north-queensland', 0),
(234, 'Albert Park District', 'albert-park-district', 0),
(235, 'Bass District', 'bass-district', 0),
(236, 'Bremen', 'bremen', 0),
(237, 'UAE', 'uae', 0),
(238, 'Abu Dhabi', 'abu-dhabi', 0),
(239, 'Bahrain', 'bahrain', 0),
(240, 'Qatar', 'qatar', 0),
(241, 'Sharjah', 'sharjah', 0),
(242, 'Arad, Bahrain', 'arad-bahrain', 0),
(243, 'Muharraq', 'muharraq', 0),
(244, 'Riffa', 'riffa', 0),
(245, 'USA', 'usa', 0),
(246, 'California', 'california', 0),
(247, 'Sacramento', 'sacramento', 0),
(248, 'Citrus Heights', 'citrus-heights', 0),
(249, 'United States', 'united-states', 0),
(250, 'Alabama', 'alabama', 0),
(251, 'Arizona', 'arizona', 0),
(252, 'Arkansas', 'arkansas', 0),
(255, '$', 'aud', 0),
(256, '£', 'egp', 0),
(257, '¥', 'cny', 0),
(258, '฿', 'thb', 0),
(259, '₨', 'pkr', 0),
(260, '﷼', 'qar', 0),
(261, '₽', 'rub', 0),
(262, 'New', 'new', 0),
(263, 'Used', 'used', 0),
(264, 'Buy', 'buy', 0),
(265, 'Exchange', 'exchange', 0),
(266, 'Lost and Found', 'lost-and-found', 0),
(267, 'Sell', 'sell', 0),
(268, 'Yes', 'yes', 0),
(269, 'No', 'no', 0),
(270, 'GSPDs', 'gspds', 0),
(271, 'SPDs', 'spds', 0),
(272, 'Breeder Dod', 'breeder-dod', 0),
(279, 'cars', 'cars', 0),
(280, 'bmw', 'bmw', 0),
(281, 'carforsale', 'carforsale', 0),
(282, 'auto', 'auto', 0),
(283, 'carsale', 'carsale', 0),
(284, 'carspot', 'carspot', 0),
(285, 'realestate', 'realestate', 0),
(286, 'homeforsale', 'homeforsale', 0),
(287, 'interiordesign', 'interiordesign', 0),
(288, 'property', 'property', 0),
(289, 'househunting', 'househunting', 0),
(290, 'GRs', 'grs', 0),
(291, 'dogforsale', 'dogforsale', 0),
(292, 'puppy', 'puppy', 0),
(293, 'pupforsale', 'pupforsale', 0),
(294, 'shinnycoat', 'shinnycoat', 0),
(295, 'horses', 'horses', 0),
(296, 'horseriding', 'horseriding', 0),
(297, 'horselovers', 'horselovers', 0),
(298, 'morganhorse', 'morganhorse', 0),
(299, 'horseforracing', 'horseforracing', 0),
(300, 'Pets', 'pets', 0),
(301, 'cats', 'cats', 0),
(302, 'catforsale', 'catforsale', 0),
(303, 'petlovers', 'petlovers', 0),
(304, 'persiancats', 'persiancats', 0),
(305, 'doublecoat', 'doublecoat', 0),
(306, 'ragdolls', 'ragdolls', 0),
(307, 'catslover', 'catslover', 0),
(308, 'fullytrainedcats', 'fullytrainedcats', 0),
(309, 'adultcats', 'adultcats', 0),
(310, 'whitecats', 'whitecats', 0),
(311, 'Teslamotors', 'teslamotors', 0),
(312, 'teslaforsale', 'teslaforsale', 0),
(313, 'teslaroadster', 'teslaroadster', 0),
(314, 'autodrivencars', 'autodrivencars', 0),
(315, 'modelx', 'modelx', 0),
(316, 'blueandgoldmacaw', 'blueandgoldmacaw', 0),
(317, 'macawsofig', 'macawsofig', 0),
(318, 'macaw', 'macaw', 0),
(319, 'femalemacaw', 'femalemacaw', 0),
(320, 'birdslife', 'birdslife', 0),
(321, 'parrotaddicts', 'parrotaddicts', 0),
(322, 'Villa', 'villa', 0),
(323, 'Luxury', 'luxury', 0),
(324, 'design', 'design', 0),
(325, 'architecture', 'architecture', 0),
(326, 'house', 'house', 0),
(327, 'furnishedhomes', 'furnishedhomes', 0),
(328, 'Motorbike', 'motorbike', 0),
(329, 'bikesride', 'bikesride', 0),
(330, 'Suzukibikes', 'suzukibikes', 0),
(331, 'bikelovers', 'bikelovers', 0),
(332, 'motocycles', 'motocycles', 0),
(333, 'bikers', 'bikers', 0),
(334, 'cleaningservice', 'cleaningservice', 0),
(335, 'cleaning', 'cleaning', 0),
(336, 'cleaninghacks', 'cleaninghacks', 0),
(337, 'housecleaning', 'housecleaning', 0),
(338, 'cleanhouse', 'cleanhouse', 0),
(339, 'cleaningserviceprovider', 'cleaningserviceprovider', 0),
(340, 'officecleaningservice', 'officecleaningservice', 0),
(341, 'Bluetang', 'bluetang', 0),
(342, 'Aquraium', 'aquraium', 0),
(343, 'Reeftank', 'reeftank', 0),
(344, 'fish', 'fish', 0),
(345, 'saltwateraquarium', 'saltwateraquarium', 0),
(346, 'fussyfish', 'fussyfish', 0),
(347, 'pinkfishes', 'pinkfishes', 0),
(348, 'Samsung', 'samsung', 0),
(349, 'Ultra', 'ultra', 0),
(350, 'Latestsamsungphones', 'latestsamsungphones', 0),
(351, 'smartphone', 'smartphone', 0),
(352, 'ultra 5G', 'ultra-5g', 0),
(353, 'samsungphotography', 'samsungphotography', 0),
(354, 'samsung s21 Ultra', 'samsung-s21-ultra', 0),
(355, 'iPaddrawing', 'ipaddrawing', 0),
(356, 'Procreate', 'procreate', 0),
(357, 'gamingtablet', 'gamingtablet', 0),
(358, 'iPadart', 'ipadart', 0),
(359, 'Applepencil', 'applepencil', 0),
(360, 'iPad Pro', 'ipad-pro', 0),
(361, 'Apple tablets', 'apple-tablets', 0),
(362, 'Apple', 'apple', 0),
(363, 'iphone 13', 'iphone-13', 0),
(364, 'latest release', 'latest-release', 0),
(365, 'iphone 13Pro Max', 'iphone-13pro-max', 0),
(366, 'apple accessories', 'apple-accessories', 0),
(367, 'applestore', 'applestore', 0),
(368, 'Nautique', 'nautique', 0),
(369, 'Wavesurf', 'wavesurf', 0),
(370, 'airboat', 'airboat', 0),
(371, 'wakeboat', 'wakeboat', 0),
(372, 'boatlife', 'boatlife', 0),
(373, 'wakeboarding', 'wakeboarding', 0),
(374, 'surfing', 'surfing', 0),
(375, 'boating', 'boating', 0),
(376, 'Painting', 'painting', 0),
(377, 'Art', 'art', 0),
(378, 'artists', 'artists', 0),
(379, 'oil painting', 'oil-painting', 0),
(380, 'acrylics', 'acrylics', 0),
(381, 'deep art', 'deep-art', 0),
(382, 'creativity', 'creativity', 0),
(383, 'creative painting', 'creative-painting', 0),
(384, 'contemporaryart', 'contemporaryart', 0),
(385, 'art gallery', 'art-gallery', 0),
(386, 'rottweiler', 'rottweiler', 0),
(387, 'dog', 'dog', 0),
(388, 'guarddog', 'guarddog', 0),
(389, 'rottielove', 'rottielove', 0),
(390, 'puppylove', 'puppylove', 0),
(391, 'rottweilerpuppies', 'rottweilerpuppies', 0),
(392, 'rotties', 'rotties', 0),
(393, 'ottweilerbreed', 'ottweilerbreed', 0),
(394, 'rottweilerland', 'rottweilerland', 0),
(395, 'controllergang', 'controllergang', 0),
(396, 'customcontroller', 'customcontroller', 0),
(397, 'moddedcontroller', 'moddedcontroller', 0),
(398, 'gamingroom', 'gamingroom', 0),
(399, 'gaminglife', 'gaminglife', 0),
(400, 'controllers', 'controllers', 0),
(401, 'gamingsetup', 'gamingsetup', 0),
(402, 'yacht', 'yacht', 0),
(403, 'beachlife', 'beachlife', 0),
(404, 'nature', 'nature', 0),
(405, 'sailing', 'sailing', 0),
(406, 'fishing', 'fishing', 0),
(407, 'Breederdog', 'breederdog', 0),
(408, 'guard dog', 'guard-dog', 0),
(409, 'Food', 'food', 0),
(410, 'Entertainment', 'entertainment', 0),
(411, 'Technology', 'technology', 0),
(412, 'Sports', 'sports', 0),
(413, 'Real Estate', 'real-estate', 0),
(414, 'food', 'food', 0),
(415, 'classified', 'classified', 0),
(416, 'Promotion', 'promotion', 0),
(417, 'Sell and Buy', 'sell-and-buy', 0),
(418, 'technology', 'technology', 0),
(419, 'data analysis', 'data-analysis', 0),
(420, 'marketing', 'marketing', 0),
(421, 'ecommerce', 'ecommerce', 0),
(422, 'bitcoin trading', 'bitcoin-trading', 0),
(423, 'Business deal', 'business-deal', 0),
(424, 'marketing strategies', 'marketing-strategies', 0),
(425, 'healthy food', 'healthy-food', 0),
(426, 'food bloging', 'food-bloging', 0),
(427, 'advertisements', 'advertisements', 0),
(428, 'online marketing', 'online-marketing', 0),
(429, 'business strategies', 'business-strategies', 0),
(430, 'New Tech', 'new-tech', 0),
(431, 'Electronic Products', 'electronic-products', 0),
(432, 'Footer Menu', 'footer-menu', 0),
(433, 'Main menu', 'main-menu', 0),
(435, 'Vendor Menu', 'vendor-menu', 0),
(436, 'Min Price', 'min-price', 0),
(437, 'Max Price', 'max-price', 0),
(438, 'Top rated vendor', 'top-rated-vendor', 0),
(449, 'Food', 'food', 0),
(450, 'Health', 'helth', 0),
(451, 'book', 'book', 0),
(452, 'Business', 'business', 0),
(453, 'Cooking', 'cooking', 0),
(454, 'Islamic', 'islamic', 0),
(455, 'History', 'history', 0),
(456, 'Literature', 'literature', 0),
(457, 'Religious', 'religious', 0),
(458, 'Kids', 'kids', 0);

--
-- Dumping data for table `wp_term_relationships`
--

INSERT INTO `wp_term_relationships` (`object_id`, `term_taxonomy_id`, `term_order`) VALUES
(37, 15, 0),
(37, 16, 0),
(38, 15, 0),
(38, 16, 0),
(39, 15, 0),
(39, 16, 0),
(221, 213, 0),
(221, 215, 0),
(221, 255, 0),
(221, 267, 0),
(221, 270, 0),
(221, 271, 0),
(221, 407, 0),
(221, 408, 0),
(253, 221, 0),
(253, 222, 0),
(253, 226, 0),
(253, 259, 0),
(253, 266, 0),
(253, 269, 0),
(253, 290, 0),
(253, 291, 0),
(253, 292, 0),
(253, 293, 0),
(253, 294, 0),
(263, 245, 0),
(263, 246, 0),
(263, 247, 0),
(263, 255, 0),
(263, 264, 0),
(263, 295, 0),
(263, 296, 0),
(263, 297, 0),
(263, 298, 0),
(263, 299, 0),
(279, 249, 0),
(279, 252, 0),
(279, 258, 0),
(279, 267, 0),
(279, 300, 0),
(279, 301, 0),
(279, 302, 0),
(279, 303, 0),
(279, 304, 0),
(279, 305, 0),
(292, 245, 0),
(292, 246, 0),
(292, 247, 0),
(292, 261, 0),
(292, 267, 0),
(292, 301, 0),
(292, 306, 0),
(292, 307, 0),
(292, 308, 0),
(292, 309, 0),
(292, 310, 0),
(309, 245, 0),
(309, 246, 0),
(309, 247, 0),
(309, 261, 0),
(309, 265, 0),
(309, 316, 0),
(309, 317, 0),
(309, 318, 0),
(309, 319, 0),
(309, 320, 0),
(309, 321, 0),
(350, 237, 0),
(350, 240, 0),
(350, 260, 0),
(350, 267, 0),
(350, 341, 0),
(350, 342, 0),
(350, 343, 0),
(350, 344, 0),
(350, 345, 0),
(350, 346, 0),
(350, 347, 0),
(393, 217, 0),
(393, 219, 0),
(393, 256, 0),
(393, 266, 0),
(393, 386, 0),
(393, 387, 0),
(393, 388, 0),
(393, 389, 0),
(393, 390, 0),
(393, 391, 0),
(393, 392, 0),
(393, 393, 0),
(393, 394, 0),
(425, 409, 0),
(425, 414, 0),
(425, 415, 0),
(425, 416, 0),
(425, 417, 0),
(429, 411, 0),
(429, 418, 0),
(429, 419, 0),
(429, 420, 0),
(435, 411, 0),
(435, 418, 0),
(435, 421, 0),
(435, 422, 0),
(440, 411, 0),
(440, 412, 0),
(440, 420, 0),
(440, 423, 0),
(440, 424, 0),
(445, 412, 0),
(457, 409, 0),
(457, 414, 0),
(457, 425, 0),
(457, 426, 0),
(461, 410, 0),
(461, 420, 0),
(461, 421, 0),
(461, 427, 0),
(461, 428, 0),
(461, 429, 0),
(465, 411, 0),
(465, 430, 0),
(465, 431, 0),
(536, 432, 0),
(537, 432, 0),
(538, 432, 0),
(539, 432, 0),
(914, 433, 0),
(915, 433, 0),
(916, 433, 0),
(917, 433, 0),
(930, 433, 0),
(931, 433, 0),
(932, 433, 0),
(933, 433, 0),
(934, 433, 0),
(935, 433, 0),
(936, 433, 0),
(937, 433, 0),
(938, 433, 0),
(939, 433, 0),
(940, 433, 0),
(941, 433, 0),
(942, 433, 0),
(943, 433, 0),
(944, 433, 0),
(945, 433, 0),
(946, 433, 0),
(947, 433, 0),
(948, 433, 0),
(949, 433, 0),
(950, 433, 0),
(951, 433, 0),
(952, 433, 0),
(953, 433, 0),
(954, 433, 0),
(955, 433, 0),
(1223, 435, 0),
(1224, 435, 0),
(1225, 435, 0),
(1226, 435, 0),
(1227, 435, 0),
(1277, 2, 0),
(1277, 15, 0),
(1461, 2, 0),
(1461, 449, 0),
(1471, 2, 0),
(1471, 15, 0),
(1472, 2, 0),
(1472, 15, 0),
(1473, 2, 0),
(1473, 15, 0),
(1474, 2, 0),
(1474, 15, 0),
(1475, 2, 0),
(1475, 15, 0),
(1476, 2, 0),
(1476, 15, 0),
(1477, 2, 0),
(1477, 15, 0),
(1510, 262, 0),
(1510, 265, 0),
(1510, 268, 0),
(1510, 456, 0),
(1513, 255, 0),
(1513, 262, 0),
(1513, 267, 0),
(1513, 269, 0),
(1513, 456, 0),
(1515, 255, 0),
(1515, 263, 0),
(1515, 267, 0),
(1515, 269, 0),
(1515, 458, 0),
(1518, 262, 0),
(1518, 264, 0),
(1518, 268, 0),
(1518, 455, 0),
(1521, 255, 0),
(1521, 262, 0),
(1521, 267, 0),
(1521, 268, 0),
(1521, 456, 0),
(1524, 255, 0),
(1524, 262, 0),
(1524, 265, 0),
(1524, 268, 0),
(1524, 452, 0),
(1537, 433, 0),
(1538, 433, 0),
(1539, 433, 0),
(1540, 433, 0),
(1541, 433, 0),
(1542, 433, 0),
(1543, 433, 0),
(1544, 433, 0),
(1545, 433, 0),
(1546, 433, 0),
(1547, 433, 0),
(1548, 433, 0),
(1549, 433, 0),
(1550, 433, 0),
(1551, 433, 0),
(1553, 433, 0);


INSERT INTO `wp_term_taxonomy` (`term_taxonomy_id`, `term_id`, `taxonomy`, `description`, `parent`, `count`) VALUES
(1, 1, 'category', '', 0, 0),
(2, 2, 'product_type', '', 0, 8),
(3, 3, 'product_type', '', 0, 0),
(4, 4, 'product_type', '', 0, 0),
(5, 5, 'product_type', '', 0, 0),
(6, 6, 'product_visibility', '', 0, 0),
(7, 7, 'product_visibility', '', 0, 0),
(8, 8, 'product_visibility', '', 0, 0),
(9, 9, 'product_visibility', '', 0, 0),
(10, 10, 'product_visibility', '', 0, 0),
(11, 11, 'product_visibility', '', 0, 0),
(12, 12, 'product_visibility', '', 0, 0),
(13, 13, 'product_visibility', '', 0, 0),
(14, 14, 'product_visibility', '', 0, 0),
(15, 15, 'product_cat', '', 0, 7),
(16, 16, 'product_type', '', 0, 0),
(211, 211, 'ad_country', '', 0, 0),
(212, 212, 'ad_country', '', 211, 0),
(213, 213, 'ad_country', '', 0, 1),
(214, 214, 'ad_country', '', 213, 0),
(215, 215, 'ad_country', '', 213, 1),
(216, 216, 'ad_country', '', 213, 0),
(217, 217, 'ad_country', '', 0, 1),
(218, 218, 'ad_country', '', 217, 0),
(219, 219, 'ad_country', '', 217, 1),
(220, 220, 'ad_country', '', 217, 0),
(221, 221, 'ad_country', '', 0, 1),
(222, 222, 'ad_country', '', 221, 1),
(223, 223, 'ad_country', '', 221, 0),
(224, 224, 'ad_country', '', 221, 0),
(225, 225, 'ad_country', '', 221, 0),
(226, 226, 'ad_country', '', 222, 1),
(227, 227, 'ad_country', '', 222, 0),
(228, 228, 'ad_country', '', 222, 0),
(229, 229, 'ad_country', '', 226, 0),
(230, 230, 'ad_country', '', 226, 0),
(231, 231, 'ad_country', '', 211, 0),
(232, 232, 'ad_country', '', 231, 0),
(233, 233, 'ad_country', '', 231, 0),
(234, 234, 'ad_country', '', 212, 0),
(235, 235, 'ad_country', '', 212, 0),
(236, 236, 'ad_country', '', 213, 0),
(237, 237, 'ad_country', '', 0, 1),
(238, 238, 'ad_country', '', 237, 0),
(239, 239, 'ad_country', '', 237, 0),
(240, 240, 'ad_country', '', 237, 1),
(241, 241, 'ad_country', '', 237, 0),
(242, 242, 'ad_country', '', 239, 0),
(243, 243, 'ad_country', '', 239, 0),
(244, 244, 'ad_country', '', 241, 0),
(245, 245, 'ad_country', '', 0, 3),
(246, 246, 'ad_country', '', 245, 3),
(247, 247, 'ad_country', '', 246, 3),
(248, 248, 'ad_country', '', 247, 0),
(249, 249, 'ad_country', '', 0, 1),
(250, 250, 'ad_country', '', 249, 0),
(251, 251, 'ad_country', '', 249, 0),
(252, 252, 'ad_country', '', 249, 1),
(255, 255, 'ad_currency', '', 0, 6),
(256, 256, 'ad_currency', '', 0, 1),
(257, 257, 'ad_currency', '', 0, 0),
(258, 258, 'ad_currency', '', 0, 1),
(259, 259, 'ad_currency', '', 0, 1),
(260, 260, 'ad_currency', '', 0, 1),
(261, 261, 'ad_currency', '', 0, 2),
(262, 262, 'ad_condition', '', 0, 5),
(263, 263, 'ad_condition', '', 0, 1),
(264, 264, 'ad_type', '', 0, 2),
(265, 265, 'ad_type', '', 0, 3),
(266, 266, 'ad_type', '', 0, 2),
(267, 267, 'ad_type', '', 0, 7),
(268, 268, 'ad_warranty', '', 0, 4),
(269, 269, 'ad_warranty', '', 0, 3),
(270, 270, 'ad_tags', '', 0, 1),
(271, 271, 'ad_tags', '', 0, 1),
(272, 272, 'ad_tags', '', 0, 0),
(279, 279, 'ad_tags', '', 0, 0),
(280, 280, 'ad_tags', '', 0, 0),
(281, 281, 'ad_tags', '', 0, 0),
(282, 282, 'ad_tags', '', 0, 0),
(283, 283, 'ad_tags', '', 0, 0),
(284, 284, 'ad_tags', '', 0, 0),
(285, 285, 'ad_tags', '', 0, 0),
(286, 286, 'ad_tags', '', 0, 0),
(287, 287, 'ad_tags', '', 0, 0),
(288, 288, 'ad_tags', '', 0, 0),
(289, 289, 'ad_tags', '', 0, 0),
(290, 290, 'ad_tags', '', 0, 1),
(291, 291, 'ad_tags', '', 0, 1),
(292, 292, 'ad_tags', '', 0, 1),
(293, 293, 'ad_tags', '', 0, 1),
(294, 294, 'ad_tags', '', 0, 1),
(295, 295, 'ad_tags', '', 0, 1),
(296, 296, 'ad_tags', '', 0, 1),
(297, 297, 'ad_tags', '', 0, 1),
(298, 298, 'ad_tags', '', 0, 1),
(299, 299, 'ad_tags', '', 0, 1),
(300, 300, 'ad_tags', '', 0, 1),
(301, 301, 'ad_tags', '', 0, 2),
(302, 302, 'ad_tags', '', 0, 1),
(303, 303, 'ad_tags', '', 0, 1),
(304, 304, 'ad_tags', '', 0, 1),
(305, 305, 'ad_tags', '', 0, 1),
(306, 306, 'ad_tags', '', 0, 1),
(307, 307, 'ad_tags', '', 0, 1),
(308, 308, 'ad_tags', '', 0, 1),
(309, 309, 'ad_tags', '', 0, 1),
(310, 310, 'ad_tags', '', 0, 1),
(311, 311, 'ad_tags', '', 0, 0),
(312, 312, 'ad_tags', '', 0, 0),
(313, 313, 'ad_tags', '', 0, 0),
(314, 314, 'ad_tags', '', 0, 0),
(315, 315, 'ad_tags', '', 0, 0),
(316, 316, 'ad_tags', '', 0, 1),
(317, 317, 'ad_tags', '', 0, 1),
(318, 318, 'ad_tags', '', 0, 1),
(319, 319, 'ad_tags', '', 0, 1),
(320, 320, 'ad_tags', '', 0, 1),
(321, 321, 'ad_tags', '', 0, 1),
(322, 322, 'ad_tags', '', 0, 0),
(323, 323, 'ad_tags', '', 0, 0),
(324, 324, 'ad_tags', '', 0, 0),
(325, 325, 'ad_tags', '', 0, 0),
(326, 326, 'ad_tags', '', 0, 0),
(327, 327, 'ad_tags', '', 0, 0),
(328, 328, 'ad_tags', '', 0, 0),
(329, 329, 'ad_tags', '', 0, 0),
(330, 330, 'ad_tags', '', 0, 0),
(331, 331, 'ad_tags', '', 0, 0),
(332, 332, 'ad_tags', '', 0, 0),
(333, 333, 'ad_tags', '', 0, 0),
(334, 334, 'ad_tags', '', 0, 0),
(335, 335, 'ad_tags', '', 0, 0),
(336, 336, 'ad_tags', '', 0, 0),
(337, 337, 'ad_tags', '', 0, 0),
(338, 338, 'ad_tags', '', 0, 0),
(339, 339, 'ad_tags', '', 0, 0),
(340, 340, 'ad_tags', '', 0, 0),
(341, 341, 'ad_tags', '', 0, 1),
(342, 342, 'ad_tags', '', 0, 1),
(343, 343, 'ad_tags', '', 0, 1),
(344, 344, 'ad_tags', '', 0, 1),
(345, 345, 'ad_tags', '', 0, 1),
(346, 346, 'ad_tags', '', 0, 1),
(347, 347, 'ad_tags', '', 0, 1),
(348, 348, 'ad_tags', '', 0, 0),
(349, 349, 'ad_tags', '', 0, 0),
(350, 350, 'ad_tags', '', 0, 0),
(351, 351, 'ad_tags', '', 0, 0),
(352, 352, 'ad_tags', '', 0, 0),
(353, 353, 'ad_tags', '', 0, 0),
(354, 354, 'ad_tags', '', 0, 0),
(355, 355, 'ad_tags', '', 0, 0),
(356, 356, 'ad_tags', '', 0, 0),
(357, 357, 'ad_tags', '', 0, 0),
(358, 358, 'ad_tags', '', 0, 0),
(359, 359, 'ad_tags', '', 0, 0),
(360, 360, 'ad_tags', '', 0, 0),
(361, 361, 'ad_tags', '', 0, 0),
(362, 362, 'ad_tags', '', 0, 0),
(363, 363, 'ad_tags', '', 0, 0),
(364, 364, 'ad_tags', '', 0, 0),
(365, 365, 'ad_tags', '', 0, 0),
(366, 366, 'ad_tags', '', 0, 0),
(367, 367, 'ad_tags', '', 0, 0),
(368, 368, 'ad_tags', '', 0, 0),
(369, 369, 'ad_tags', '', 0, 0),
(370, 370, 'ad_tags', '', 0, 0),
(371, 371, 'ad_tags', '', 0, 0),
(372, 372, 'ad_tags', '', 0, 0),
(373, 373, 'ad_tags', '', 0, 0),
(374, 374, 'ad_tags', '', 0, 0),
(375, 375, 'ad_tags', '', 0, 0),
(376, 376, 'ad_tags', '', 0, 0),
(377, 377, 'ad_tags', '', 0, 0),
(378, 378, 'ad_tags', '', 0, 0),
(379, 379, 'ad_tags', '', 0, 0),
(380, 380, 'ad_tags', '', 0, 0),
(381, 381, 'ad_tags', '', 0, 0),
(382, 382, 'ad_tags', '', 0, 0),
(383, 383, 'ad_tags', '', 0, 0),
(384, 384, 'ad_tags', '', 0, 0),
(385, 385, 'ad_tags', '', 0, 0),
(386, 386, 'ad_tags', '', 0, 1),
(387, 387, 'ad_tags', '', 0, 1),
(388, 388, 'ad_tags', '', 0, 1),
(389, 389, 'ad_tags', '', 0, 1),
(390, 390, 'ad_tags', '', 0, 1),
(391, 391, 'ad_tags', '', 0, 1),
(392, 392, 'ad_tags', '', 0, 1),
(393, 393, 'ad_tags', '', 0, 1),
(394, 394, 'ad_tags', '', 0, 1),
(395, 395, 'ad_tags', '', 0, 0),
(396, 396, 'ad_tags', '', 0, 0),
(397, 397, 'ad_tags', '', 0, 0),
(398, 398, 'ad_tags', '', 0, 0),
(399, 399, 'ad_tags', '', 0, 0),
(400, 400, 'ad_tags', '', 0, 0),
(401, 401, 'ad_tags', '', 0, 0),
(402, 402, 'ad_tags', '', 0, 0),
(403, 403, 'ad_tags', '', 0, 0),
(404, 404, 'ad_tags', '', 0, 0),
(405, 405, 'ad_tags', '', 0, 0),
(406, 406, 'ad_tags', '', 0, 0),
(407, 407, 'ad_tags', '', 0, 1),
(408, 408, 'ad_tags', '', 0, 1),
(409, 409, 'category', '', 0, 1),
(410, 410, 'category', '', 0, 1),
(411, 411, 'category', '', 0, 1),
(412, 412, 'category', '', 0, 0),
(413, 413, 'category', '', 0, 0),
(414, 414, 'post_tag', '', 0, 1),
(415, 415, 'post_tag', '', 0, 0),
(416, 416, 'post_tag', '', 0, 0),
(417, 417, 'post_tag', '', 0, 0),
(418, 418, 'post_tag', '', 0, 0),
(419, 419, 'post_tag', '', 0, 0),
(420, 420, 'post_tag', '', 0, 1),
(421, 421, 'post_tag', '', 0, 1),
(422, 422, 'post_tag', '', 0, 0),
(423, 423, 'post_tag', '', 0, 0),
(424, 424, 'post_tag', '', 0, 0),
(425, 425, 'post_tag', '', 0, 1),
(426, 426, 'post_tag', '', 0, 1),
(427, 427, 'post_tag', '', 0, 1),
(428, 428, 'post_tag', '', 0, 1),
(429, 429, 'post_tag', '', 0, 1),
(430, 430, 'post_tag', '', 0, 1),
(431, 431, 'post_tag', '', 0, 1),
(432, 432, 'nav_menu', '', 0, 4),
(433, 433, 'nav_menu', '', 0, 46),
(435, 435, 'nav_menu', '', 0, 5),
(436, 436, 'wcmp_spmv', 'Used for minimum price products under all single product multi vendor concept.', 0, 0),
(437, 437, 'wcmp_spmv', 'Used for maximum price products under all single product multi vendor concept.', 0, 0),
(438, 438, 'wcmp_spmv', 'Used for top rated vendor products under all single product multi vendor concept.', 0, 0),
(449, 449, 'product_cat', '', 0, 1),
(450, 450, 'product_cat', '', 0, 0),
(451, 451, 'sb_dynamic_form_templates', '', 0, 0),
(452, 452, 'ad_cats', '', 0, 1),
(453, 453, 'ad_cats', '', 0, 0),
(454, 454, 'ad_cats', '', 0, 0),
(455, 455, 'ad_cats', '', 0, 1),
(456, 456, 'ad_cats', '', 0, 3),
(457, 457, 'ad_cats', '', 0, 0),
(458, 458, 'ad_cats', '', 0, 1);