INSERT INTO `wp_termmeta` (`meta_id`, `term_id`, `meta_key`, `meta_value`) VALUES
(1, 15, 'product_count_product_cat', '3'),
(2, 17, 'adforest_make_bid_cat_base', 'no'),
(3, 17, 'adforest_make_cat_paid', 'no'),
(4, 18, 'adforest_make_bid_cat_base', 'no'),
(5, 18, 'adforest_make_cat_paid', 'no'),
(6, 19, 'adforest_make_bid_cat_base', 'no'),
(7, 19, 'adforest_make_cat_paid', 'no'),
(8, 20, 'adforest_make_bid_cat_base', 'no'),
(9, 20, 'adforest_make_cat_paid', 'no'),
(10, 21, 'adforest_make_bid_cat_base', 'no'),
(11, 21, 'adforest_make_cat_paid', 'no'),
(12, 22, 'adforest_make_bid_cat_base', 'no'),
(13, 22, 'adforest_make_cat_paid', 'no'),
(14, 23, 'adforest_make_bid_cat_base', 'no'),
(15, 23, 'adforest_make_cat_paid', 'no'),
(16, 24, 'adforest_make_bid_cat_base', 'no'),
(17, 24, 'adforest_make_cat_paid', 'no'),
(18, 25, 'adforest_make_bid_cat_base', 'no'),
(19, 25, 'adforest_make_cat_paid', 'no'),
(20, 26, 'adforest_make_bid_cat_base', 'no'),
(21, 26, 'adforest_make_cat_paid', 'no'),
(22, 27, 'adforest_make_bid_cat_base', 'no'),
(23, 27, 'adforest_make_cat_paid', 'no'),
(24, 28, 'adforest_make_bid_cat_base', 'no'),
(25, 28, 'adforest_make_cat_paid', 'no'),
(26, 29, 'adforest_make_bid_cat_base', 'no'),
(27, 29, 'adforest_make_cat_paid', 'no'),
(28, 30, 'adforest_make_bid_cat_base', 'no'),
(29, 30, 'adforest_make_cat_paid', 'no'),
(30, 31, 'adforest_make_bid_cat_base', 'no'),
(31, 31, 'adforest_make_cat_paid', 'no'),
(32, 32, 'adforest_make_bid_cat_base', 'no'),
(33, 32, 'adforest_make_cat_paid', 'no'),
(34, 33, 'adforest_make_bid_cat_base', 'no'),
(35, 33, 'adforest_make_cat_paid', 'no'),
(36, 34, 'adforest_make_bid_cat_base', 'no'),
(37, 34, 'adforest_make_cat_paid', 'no'),
(38, 35, 'adforest_make_bid_cat_base', 'no'),
(39, 35, 'adforest_make_cat_paid', 'no'),
(40, 36, 'adforest_make_bid_cat_base', 'no'),
(41, 36, 'adforest_make_cat_paid', 'no'),
(42, 37, 'adforest_make_bid_cat_base', 'no'),
(43, 37, 'adforest_make_cat_paid', 'no'),
(44, 38, 'adforest_make_bid_cat_base', 'no'),
(45, 38, 'adforest_make_cat_paid', 'no'),
(46, 39, 'adforest_make_bid_cat_base', 'no'),
(47, 39, 'adforest_make_cat_paid', 'no'),
(48, 40, 'adforest_make_bid_cat_base', 'no'),
(49, 40, 'adforest_make_cat_paid', 'no'),
(50, 41, 'adforest_make_bid_cat_base', 'no'),
(51, 41, 'adforest_make_cat_paid', 'no'),
(52, 42, 'adforest_make_bid_cat_base', 'no'),
(53, 42, 'adforest_make_cat_paid', 'no'),
(54, 43, 'adforest_make_bid_cat_base', 'no'),
(55, 43, 'adforest_make_cat_paid', 'no'),
(56, 44, 'adforest_make_bid_cat_base', 'no'),
(57, 44, 'adforest_make_cat_paid', 'no'),
(58, 45, 'adforest_make_bid_cat_base', 'no'),
(59, 45, 'adforest_make_cat_paid', 'no'),
(60, 46, 'adforest_make_bid_cat_base', 'no'),
(61, 46, 'adforest_make_cat_paid', 'no'),
(62, 47, 'adforest_make_bid_cat_base', 'no'),
(63, 47, 'adforest_make_cat_paid', 'no'),
(64, 48, 'adforest_make_bid_cat_base', 'no'),
(65, 48, 'adforest_make_cat_paid', 'no'),
(66, 49, 'adforest_make_bid_cat_base', 'no'),
(67, 49, 'adforest_make_cat_paid', 'no'),
(68, 50, 'adforest_make_bid_cat_base', 'no'),
(69, 50, 'adforest_make_cat_paid', 'no'),
(70, 51, 'adforest_make_bid_cat_base', 'no'),
(71, 51, 'adforest_make_cat_paid', 'no'),
(72, 52, 'adforest_make_bid_cat_base', 'no'),
(73, 52, 'adforest_make_cat_paid', 'no'),
(74, 53, 'adforest_make_bid_cat_base', 'no'),
(75, 53, 'adforest_make_cat_paid', 'no'),
(76, 54, 'adforest_make_bid_cat_base', 'no'),
(77, 54, 'adforest_make_cat_paid', 'no'),
(78, 55, 'adforest_make_bid_cat_base', 'no'),
(79, 55, 'adforest_make_cat_paid', 'no'),
(80, 56, 'adforest_make_bid_cat_base', 'no'),
(81, 56, 'adforest_make_cat_paid', 'no'),
(82, 57, 'adforest_make_bid_cat_base', 'no'),
(83, 57, 'adforest_make_cat_paid', 'no'),
(84, 58, 'adforest_make_bid_cat_base', 'no'),
(85, 58, 'adforest_make_cat_paid', 'no'),
(86, 59, 'adforest_make_bid_cat_base', 'no'),
(87, 59, 'adforest_make_cat_paid', 'no'),
(88, 60, 'adforest_make_bid_cat_base', 'no'),
(89, 60, 'adforest_make_cat_paid', 'no'),
(90, 61, 'adforest_make_bid_cat_base', 'no'),
(91, 61, 'adforest_make_cat_paid', 'no'),
(92, 62, 'adforest_make_bid_cat_base', 'no'),
(93, 62, 'adforest_make_cat_paid', 'no'),
(94, 63, 'adforest_make_bid_cat_base', 'no'),
(95, 63, 'adforest_make_cat_paid', 'no'),
(96, 64, 'adforest_make_bid_cat_base', 'no'),
(97, 64, 'adforest_make_cat_paid', 'no'),
(98, 65, 'adforest_make_bid_cat_base', 'no'),
(99, 65, 'adforest_make_cat_paid', 'no'),
(100, 66, 'adforest_make_bid_cat_base', 'no'),
(101, 66, 'adforest_make_cat_paid', 'no'),
(102, 67, 'adforest_make_bid_cat_base', 'no'),
(103, 67, 'adforest_make_cat_paid', 'no'),
(104, 68, 'adforest_make_bid_cat_base', 'no'),
(105, 68, 'adforest_make_cat_paid', 'no'),
(106, 69, 'adforest_make_bid_cat_base', 'no'),
(107, 69, 'adforest_make_cat_paid', 'no'),
(108, 70, 'adforest_make_bid_cat_base', 'no'),
(109, 70, 'adforest_make_cat_paid', 'no'),
(110, 71, 'adforest_make_bid_cat_base', 'no'),
(111, 71, 'adforest_make_cat_paid', 'no'),
(112, 72, 'adforest_make_bid_cat_base', 'no'),
(113, 72, 'adforest_make_cat_paid', 'no'),
(114, 73, 'adforest_make_bid_cat_base', 'no'),
(115, 73, 'adforest_make_cat_paid', 'no'),
(116, 74, 'adforest_make_bid_cat_base', 'no'),
(117, 74, 'adforest_make_cat_paid', 'no'),
(118, 75, 'adforest_make_bid_cat_base', 'no'),
(119, 75, 'adforest_make_cat_paid', 'no'),
(120, 76, 'adforest_make_bid_cat_base', 'no'),
(121, 76, 'adforest_make_cat_paid', 'no'),
(122, 77, 'adforest_make_bid_cat_base', 'no'),
(123, 77, 'adforest_make_cat_paid', 'no'),
(124, 78, 'adforest_make_bid_cat_base', 'no'),
(125, 78, 'adforest_make_cat_paid', 'no'),
(126, 79, 'adforest_make_bid_cat_base', 'no'),
(127, 79, 'adforest_make_cat_paid', 'no'),
(128, 80, 'adforest_make_bid_cat_base', 'no'),
(129, 80, 'adforest_make_cat_paid', 'no'),
(130, 81, 'adforest_make_bid_cat_base', 'no'),
(131, 81, 'adforest_make_cat_paid', 'no'),
(132, 82, 'adforest_make_bid_cat_base', 'no'),
(133, 82, 'adforest_make_cat_paid', 'no'),
(134, 83, 'adforest_make_bid_cat_base', 'no'),
(135, 83, 'adforest_make_cat_paid', 'no'),
(136, 84, 'adforest_make_bid_cat_base', 'no'),
(137, 84, 'adforest_make_cat_paid', 'no'),
(138, 85, 'adforest_make_bid_cat_base', 'no'),
(139, 85, 'adforest_make_cat_paid', 'no'),
(212, 273, 'adforest_make_bid_cat_base', 'no'),
(213, 273, 'adforest_make_cat_paid', 'no'),
(214, 274, 'adforest_make_bid_cat_base', 'no'),
(215, 274, 'adforest_make_cat_paid', 'no'),
(216, 275, 'adforest_make_bid_cat_base', 'no'),
(217, 275, 'adforest_make_cat_paid', 'no'),
(218, 276, 'adforest_make_bid_cat_base', 'no'),
(219, 276, 'adforest_make_cat_paid', 'no'),
(220, 277, 'adforest_make_bid_cat_base', 'no'),
(221, 277, 'adforest_make_cat_paid', 'no'),
(222, 278, 'adforest_make_bid_cat_base', 'no'),
(223, 278, 'adforest_make_cat_paid', 'no'),
(224, 436, 'adforest_make_bid_cat_base', 'no'),
(225, 436, 'adforest_make_cat_paid', 'no'),
(226, 437, 'adforest_make_bid_cat_base', 'no'),
(227, 437, 'adforest_make_cat_paid', 'no'),
(228, 438, 'adforest_make_bid_cat_base', 'no'),
(229, 438, 'adforest_make_cat_paid', 'no'),
(230, 439, 'adforest_make_bid_cat_base', 'no'),
(231, 439, 'adforest_make_cat_paid', 'no'),
(232, 440, 'adforest_make_bid_cat_base', 'no'),
(233, 440, 'adforest_make_cat_paid', 'no'),
(234, 441, 'adforest_make_bid_cat_base', 'no'),
(235, 441, 'adforest_make_cat_paid', 'no'),
(236, 442, 'adforest_make_bid_cat_base', 'no'),
(237, 442, 'adforest_make_cat_paid', 'no');

INSERT INTO `wp_terms` (`term_id`, `name`, `slug`, `term_group`) VALUES
(1, 'Uncategorized', 'uncategorized', 0),
(2, 'simple', 'simple', 0),
(3, 'grouped', 'grouped', 0),
(4, 'variable', 'variable', 0),
(5, 'external', 'external', 0),
(6, 'exclude-from-search', 'exclude-from-search', 0),
(7, 'exclude-from-catalog', 'exclude-from-catalog', 0),
(8, 'featured', 'featured', 0),
(9, 'outofstock', 'outofstock', 0),
(10, 'rated-1', 'rated-1', 0),
(11, 'rated-2', 'rated-2', 0),
(12, 'rated-3', 'rated-3', 0),
(13, 'rated-4', 'rated-4', 0),
(14, 'rated-5', 'rated-5', 0),
(15, 'Uncategorized', 'uncategorized', 0),
(16, 'adforest_classified_pkgs', 'adforest_classified_pkgs', 0),
(17, 'الحيوانات', 'animals', 0),
(18, 'سمكة', 'fish', 0),
(19, 'القطط', 'cats', 0),
(20, 'كلاب', 'dogs', 0),
(21, 'خيل', 'horses', 0),
(22, 'طيور', 'birds', 0),
(23, 'سويفت', 'swift', 0),
(24, 'الببغاوات', 'parrots', 0),
(25, 'عابر سبيل', 'passerine', 0),
(26, 'عربي', 'arabian', 0),
(27, 'أصيل', 'thoroughbred', 0),
(28, 'مورغان', 'morgan', 0),
(29, 'ألاسكا مالاموت', 'german-shepherd', 0),
(30, 'المسترد الذهبي', 'golden-retriever', 0),
(31, 'كلاب', 'alaskan-malamute', 0),
(32, 'اللغة الفارسية', 'persian', 0),
(33, 'دوول', 'ragdoll', 0),
(34, 'قطة الغابة النرويجية', 'norwegian-forest-cat', 0),
(35, 'نيون تيترا', 'neon-tetra', 0),
(36, 'بلو تانغ', 'blue-tang', 0),
(37, 'أوسكار', 'oscar', 0),
(38, 'تصميم فني', 'art-design', 0),
(39, 'الفنون التصويرية', 'graphic-arts', 0),
(40, 'فن الخط', 'calligraphy', 0),
(41, 'تلوين', 'painting', 0),
(42, 'النحت', 'sculpture', 0),
(43, 'الجمال الأزياء', 'fashion-beauty', 0),
(44, 'ثياب', 'apparel', 0),
(45, 'الأحذية', 'footwear', 0),
(46, 'ساعات ومجوهرات', 'watches-jewelry', 0),
(47, 'وظائف', 'jobs', 0),
(48, 'متصل', 'onlie', 0),
(49, 'مبيعات', 'sales', 0),
(50, 'الفنادق والسياحة', 'hotel-tourism', 0),
(51, 'مركبات', 'vehicles', 0),
(52, 'سيارات', 'cars', 0),
(53, 'القوارب', 'boats', 0),
(54, 'دراجات', 'bikes', 0),
(55, 'دراجات ثقيلة', 'heavy-bikes', 0),
(56, 'أودي', 'audi', 0),
(57, 'بي ام دبليو', 'bmw', 0),
(58, 'هوندا', 'honda', 0),
(59, 'سيفيك', 'civic', 0),
(60, 'تويوتا', 'toyota', 0),
(61, 'تويوتا كامري', 'toyota-camry', 0),
(62, 'تويوتا RAV4', 'toyota-rav4', 0),
(63, 'تسلا', 'tesla', 0),
(64, 'إلكترونيات', 'electronics', 0),
(65, 'كمبيوتر ولابتوب', 'computer-laptops', 0),
(66, 'وحدة الألعاب', 'games-console', 0),
(67, 'جوالات', 'mobiles', 0),
(68, 'تفاح', 'apple', 0),
(69, 'سامسونج', 'samsung', 0),
(70, 'آحرون', 'others', 0),
(71, 'العقارات', 'real-estate', 0),
(72, 'تجاري ومكاتب', 'commercial-offices', 0),
(73, 'للإيجار', 'for-rent', 0),
(74, 'للبيع', 'for-sale', 0),
(75, 'مزارع', 'farms', 0),
(76, 'أجهزة لوحية', 'tablets', 0),
(77, 'مزارع', 'homes', 0),
(78, 'شقق سكنية', 'apartments', 0),
(79, 'الشقق', 'flats', 0),
(80, 'فلل', 'villas', 0),
(81, 'الببغاء القرمزي', 'scarlet-macaw', 0),
(82, 'طائر الحب', 'lovebird', 0),
(83, 'قوس قزح لوريكيت', 'rainbow-lorikeet', 0),
(84, 'إكلكتس', 'eclectus', 0),
(85, 'روتويللر', 'dachshunds', 0),
(211, 'أستراليا', 'australia', 0),
(212, 'فيكتوريا', 'victoria', 0),
(213, 'ألمانيا', 'germany', 0),
(214, 'برلين', 'berlin', 0),
(215, 'هامبورغ', 'hamburg', 0),
(216, 'هيس', 'hesse', 0),
(217, 'الهند', 'india', 0),
(218, 'دلهي', 'delhi', 0),
(219, 'غوا', 'goa', 0),
(220, 'هاريانا', 'haryana', 0),
(221, 'باكستان', 'pakistan', 0),
(222, 'البنجاب', 'punjab', 0),
(223, 'السند', 'sindh', 0),
(224, 'بلوشستان', 'baluchistan', 0),
(225, 'KPK', 'kpk', 0),
(226, 'لاهور', 'lahore', 0),
(227, 'ملتان', 'multan', 0),
(228, 'ديرا غازي خان', 'dera-ghazi-khan', 0),
(229, 'كاسور', 'kasur', 0),
(230, 'شيخوبورا', 'sheikhupura', 0),
(231, 'كوينزلاند', 'queensland', 0),
(232, 'كوينزلاند الوسطى', 'central-queensland', 0),
(233, 'كوينزلاند الشمالية', 'north-queensland', 0),
(234, 'مقاطعة ألبرت بارك', 'albert-park-district', 0),
(235, 'منطقة باس', 'bass-district', 0),
(236, 'بريمن', 'bremen', 0),
(237, 'الإمارات العربية المتحدة', 'uae', 0),
(238, 'أبو ظبي', 'abu-dhabi', 0),
(239, 'البحرين', 'bahrain', 0),
(240, 'دولة قطر', 'qatar', 0),
(241, 'الشارقة', 'sharjah', 0),
(242, 'عراد ، البحرين', 'arad-bahrain', 0),
(243, 'المحرق', 'muharraq', 0),
(244, 'الرفاع', 'riffa', 0),
(245, 'الولايات المتحدة الأمريكية', 'usa', 0),
(246, 'كاليفورنيا', 'california', 0),
(247, 'سكرامنتو', 'sacramento', 0),
(248, 'مرتفعات الحمضيات', 'citrus-heights', 0),
(249, 'الولايات المتحدة الأمريكية', 'united-states', 0),
(250, 'ألاباما', 'alabama', 0),
(251, 'أريزونا', 'arizona', 0),
(252, 'أركنساس', 'arkansas', 0),
(255, '$', 'aud', 0),
(256, '£', 'egp', 0),
(257, '¥', 'cny', 0),
(258, '฿', 'thb', 0),
(259, '₨', 'pkr', 0),
(260, '﷼', 'qar', 0),
(261, '₽', 'rub', 0),
(262, 'جديد', '%d8%ac%d8%af%d9%8a%d8%af', 0),
(263, 'مستخدم', '%d9%85%d8%b3%d8%aa%d8%ae%d8%af%d9%85', 0),
(264, 'يشتري', '%d9%8a%d8%b4%d8%aa%d8%b1%d9%8a', 0),
(265, 'تبادل', '%d8%aa%d8%a8%d8%a7%d8%af%d9%84', 0),
(266, 'فقدت ووجدت', '%d9%81%d9%82%d8%af%d8%aa-%d9%88%d9%88%d8%ac%d8%af%d8%aa', 0),
(267, 'يبيع', '%d9%8a%d8%a8%d9%8a%d8%b9', 0),
(268, 'نعم', '%d9%86%d8%b9%d9%85', 0),
(269, 'لا', '%d9%84%d8%a7', 0),
(270, 'GSPDs', 'gspds', 0),
(271, 'SPDs', 'spds', 0),
(272, 'مربي الكلب', '%d9%85%d8%b1%d8%a8%d9%8a-%d8%a7%d9%84%d9%83%d9%84%d8%a8', 0),
(273, 'خدمات', 'services', 0),
(274, 'خدمات التنظيف', 'cleaning-services', 0),
(275, 'تعليمي', 'educational', 0),
(276, 'خدمات الطعام', 'food-services', 0),
(277, 'نقل المنزل والمكتب', 'home-office-removals', 0),
(278, 'طبي', 'medical', 0),
(279, 'سيارات', '%d8%b3%d9%8a%d8%a7%d8%b1%d8%a7%d8%aa', 0),
(280, 'بي ام دبليو', '%d8%a8%d9%8a-%d8%a7%d9%85-%d8%af%d8%a8%d9%84%d9%8a%d9%88', 0),
(281, 'سيارات للبيع', '%d8%b3%d9%8a%d8%a7%d8%b1%d8%a7%d8%aa-%d9%84%d9%84%d8%a8%d9%8a%d8%b9', 0),
(282, 'تلقاءي', '%d8%aa%d9%84%d9%82%d8%a7%d8%a1%d9%8a', 0),
(283, 'اسيارات', '%d8%a7%d8%a7%d9%8a%d8%a7%d8%b1%d8%a7%d8%aa', 0),
(284, 'بقعة السيارة', '%d8%a8%d9%82%d8%b9%d8%a9-%d8%a7%d9%84%d8%b3%d9%8a%d8%a7%d8%b1%d8%a9', 0),
(285, 'العقارات', '%d8%a7%d9%84%d8%b9%d9%82%d8%a7%d8%b1%d8%a7%d8%aa', 0),
(286, 'منازل للبيع', '%d9%85%d9%86%d8%a7%d8%b2%d9%84-%d9%84%d9%84%d8%a8%d9%8a%d8%b9', 0),
(287, 'تصميم داخلي', '%d8%aa%d8%b5%d9%85%d9%8a%d9%85-%d8%af%d8%a7%d8%ae%d9%84%d9%8a', 0),
(288, 'خاصية', '%d8%ae%d8%a7%d8%b5%d9%8a%d8%a9', 0),
(289, 'منزل الصيد', '%d9%85%d9%86%d8%b2%d9%84-%d8%a7%d9%84%d8%b5%d9%8a%d8%af', 0),
(290, 'الموارد الوراثية', '%d8%a7%d9%84%d9%85%d9%88%d8%a7%d8%b1%d8%af-%d8%a7%d9%84%d9%88%d8%b1%d8%a7%d8%ab%d9%8a%d8%a9', 0),
(291, 'كلب للبيع', '%d9%83%d9%84%d8%a8-%d9%84%d9%84%d8%a8%d9%8a%d8%b9', 0),
(292, 'جرو', '%d8%ac%d8%b1%d9%88', 0),
(293, 'جرو للبيع', '%d8%ac%d8%b1%d9%88-%d9%84%d9%84%d8%a8%d9%8a%d8%b9', 0),
(294, 'معطف لامع', '%d9%85%d8%b9%d8%b7%d9%81-%d9%84%d8%a7%d9%85%d8%b9', 0),
(295, 'خيل', '%d8%ae%d9%8a%d9%84', 0),
(296, 'ركوب الخيل', '%d8%b1%d9%83%d9%88%d8%a8-%d8%a7%d9%84%d8%ae%d9%8a%d9%84', 0),
(297, 'عشاق الخيول', '%d8%b9%d8%b4%d8%a7%d9%82-%d8%a7%d9%84%d8%ae%d9%8a%d9%88%d9%84', 0),
(298, 'مورغانهورس', '%d9%85%d9%88%d8%b1%d8%ba%d8%a7%d9%86%d9%87%d9%88%d8%b1%d8%b3', 0),
(299, 'سباق الخيل', '%d8%b3%d8%a8%d8%a7%d9%82-%d8%a7%d9%84%d8%ae%d9%8a%d9%84', 0),
(300, 'حيوانات أليفة', '%d8%ad%d9%8a%d9%88%d8%a7%d9%86%d8%a7%d8%aa-%d8%a3%d9%84%d9%8a%d9%81%d8%a9', 0),
(301, 'القطط', '%d8%a7%d9%84%d9%82%d8%b7%d8%b7', 0),
(302, 'قطة للبيع', '%d9%82%d8%b7%d8%a9-%d9%84%d9%84%d8%a8%d9%8a%d8%b9', 0),
(303, 'عشاق الحيوانات الأليفة', '%d8%b9%d8%b4%d8%a7%d9%82-%d8%a7%d9%84%d8%ad%d9%8a%d9%88%d8%a7%d9%86%d8%a7%d8%aa-%d8%a7%d9%84%d8%a3%d9%84%d9%8a%d9%81%d8%a9', 0),
(304, 'القطط الفارسية', '%d8%a7%d9%84%d9%82%d8%b7%d8%b7-%d8%a7%d9%84%d9%81%d8%a7%d8%b1%d8%b3%d9%8a%d8%a9', 0),
(305, 'طبقة مزدوجة', '%d8%b7%d8%a8%d9%82%d8%a9-%d9%85%d8%b2%d8%af%d9%88%d8%ac%d8%a9', 0),
(306, 'دوولز', '%d8%af%d9%88%d9%88%d9%84%d8%b2', 0),
(307, 'كاتسلوفر', '%d9%83%d8%a7%d8%aa%d8%b3%d9%84%d9%88%d9%81%d8%b1', 0),
(308, 'القطط', '%d8%a7%d9%84%d9%82%d8%b7%d8%b7%d8%a7', 0),
(309, 'الكبارالقطط', '%d8%a7%d9%84%d9%83%d8%a8%d8%a7%d8%b1%d8%a7%d9%84%d9%82%d8%b7%d8%b7', 0),
(310, 'وايت كاتس', '%d9%88%d8%a7%d9%8a%d8%aa-%d9%83%d8%a7%d8%aa%d8%b3', 0),
(311, 'تيسلاموتورز', '%d8%aa%d9%8a%d8%b3%d9%84%d8%a7%d9%85%d9%88%d8%aa%d9%88%d8%b1%d8%b2', 0),
(312, 'تسلافورسيل', '%d8%aa%d8%b3%d9%84%d8%a7%d9%81%d9%88%d8%b1%d8%b3%d9%8a%d9%84', 0),
(313, 'تسلا رودستر', '%d8%aa%d8%b3%d9%84%d8%a7-%d8%b1%d9%88%d8%af%d8%b3%d8%aa%d8%b1', 0),
(314, 'سيارات الدفع الرباعي', '%d8%b3%d9%8a%d8%a7%d8%b1%d8%a7%d8%aa-%d8%a7%d9%84%d8%af%d9%81%d8%b9-%d8%a7%d9%84%d8%b1%d8%a8%d8%a7%d8%b9%d9%8a', 0),
(315, 'نموذج x', '%d9%86%d9%85%d9%88%d8%b0%d8%ac-x', 0),
(316, 'المكاو الزرقاء والذهبية', '%d8%a7%d9%84%d9%85%d9%83%d8%a7%d9%88-%d8%a7%d9%84%d8%b2%d8%b1%d9%82%d8%a7%d8%a1-%d9%88%d8%a7%d9%84%d8%b0%d9%87%d8%a8%d9%8a%d8%a9', 0),
(317, 'مكاو', '%d9%85%d9%83%d8%a7%d9%88', 0),
(318, 'الببغاء', '%d8%a7%d9%84%d8%a8%d8%a8%d8%ba%d8%a7%d8%a1', 0),
(319, 'فيمالمكاو', '%d9%81%d9%8a%d9%85%d8%a7%d9%84%d9%85%d9%83%d8%a7%d9%88', 0),
(320, 'حياة الطيور', '%d8%ad%d9%8a%d8%a7%d8%a9-%d8%a7%d9%84%d8%b7%d9%8a%d9%88%d8%b1', 0),
(321, 'مدمنو الببغاوات', '%d9%85%d8%af%d9%85%d9%86%d9%88-%d8%a7%d9%84%d8%a8%d8%a8%d8%ba%d8%a7%d9%88%d8%a7%d8%aa', 0),
(322, 'فيلا', '%d9%81%d9%8a%d9%84%d8%a7', 0),
(323, 'رفاهية', '%d8%b1%d9%81%d8%a7%d9%87%d9%8a%d8%a9', 0),
(324, 'التصميم', '%d8%a7%d9%84%d8%aa%d8%b5%d9%85%d9%8a%d9%85', 0),
(325, 'هندسة معمارية', '%d9%87%d9%86%d8%af%d8%b3%d8%a9-%d9%85%d8%b9%d9%85%d8%a7%d8%b1%d9%8a%d8%a9', 0),
(326, 'منزل', '%d9%85%d9%86%d8%b2%d9%84', 0),
(327, 'منازل مفروشة', '%d9%85%d9%86%d8%a7%d8%b2%d9%84-%d9%85%d9%81%d8%b1%d9%88%d8%b4%d8%a9', 0),
(328, 'دراجات نارية', '%d8%af%d8%b1%d8%a7%d8%a7%d8%ac%d8%a7%d8%aa-%d9%86%d8%a7%d8%b1%d9%8a%d8%a9', 0),
(329, 'ركوب الدراجة', '%d8%b1%d9%83%d9%88%d8%a8-%d8%a7%d9%84%d8%af%d8%b1%d8%a7%d8%ac%d8%a9', 0),
(330, 'دراجات سوزوكي', '%d8%af%d8%b1%d8%a7%d8%ac%d8%a7%d8%aa-%d8%b3%d9%88%d8%b2%d9%88%d9%83%d9%8a', 0),
(331, 'عشاق الدراجات', '%d8%b9%d8%b4%d8%a7%d9%82-%d8%a7%d9%84%d8%af%d8%b1%d8%a7%d8%ac%d8%a7%d8%aa', 0),
(332, 'دراجات نارية', '%d8%af%d8%b1%d8%a7%d8%ac%d8%a7%d8%aa-%d9%86%d8%a7%d8%b1%d9%8a%d8%a9', 0),
(333, 'السائقون', '%d8%a7%d9%84%d8%b3%d8%a7%d8%a6%d9%82%d9%88%d9%86', 0),
(334, 'خدمة التنظيف', '%d8%ae%d8%af%d9%85%d8%a9-%d8%a7%d9%84%d8%aa%d9%86%d8%b8%d9%8a%d9%81', 0),
(335, 'تنظيف', '%d8%aa%d9%86%d8%b8%d9%8a%d9%81', 0),
(336, 'تنظيف', '%d8%aa%d9%86%d8%b8%d9%8a%d9%81%d9%86', 0),
(337, 'تنظيف المنزل', '%d8%aa%d9%86%d8%b8%d9%8a%d9%81-%d8%a7%d9%84%d9%85%d9%86%d8%b2%d9%84', 0),
(338, 'منزل نظيف', '%d9%85%d9%86%d8%b2%d9%84-%d9%86%d8%b8%d9%8a%d9%81', 0),
(339, 'خدمات التنظيف', '%d8%ae%d8%af%d9%85%d8%a7%d8%aa-%d8%a7%d9%84%d8%aa%d9%86%d8%b8%d9%8a%d9%81', 0),
(340, 'خدمة تنظيف المكتب', '%d8%ae%d8%af%d9%85%d8%a9-%d8%aa%d9%86%d8%b8%d9%8a%d9%81-%d8%a7%d9%84%d9%85%d9%83%d8%aa%d8%a8', 0),
(341, 'بلوتانج', '%d8%a8%d9%84%d9%88%d8%aa%d8%a7%d9%86%d8%ac', 0),
(342, 'حوض سمك', '%d8%ad%d9%88%d8%b6-%d8%b3%d9%85%d9%83', 0),
(343, 'خزان الشعاب المرجانية', '%d8%ae%d8%b2%d8%a7%d9%86-%d8%a7%d9%84%d8%b4%d8%b9%d8%a7%d8%a8-%d8%a7%d9%84%d9%85%d8%b1%d8%ac%d8%a7%d9%86%d9%8a%d8%a9', 0),
(344, 'سمكة', '%d8%b3%d9%85%d9%83%d8%a9', 0),
(345, 'حوض السمك المالح', '%d8%ad%d9%88%d8%b6-%d8%a7%d9%84%d8%b3%d9%85%d9%83-%d8%a7%d9%84%d9%85%d8%a7%d9%84%d8%ad', 0),
(346, 'كسرة', '%d9%83%d8%b3%d8%b1%d8%a9', 0),
(347, 'السمكة الوردية', '%d8%a7%d9%84%d8%b3%d9%85%d9%83%d8%a9-%d8%a7%d9%84%d9%88%d8%b1%d8%af%d9%8a%d8%a9', 0),
(348, 'سامسونج', '%d8%b3%d8%a7%d9%85%d8%b3%d9%88%d9%86%d8%ac', 0),
(349, 'فائقة', '%d9%81%d8%a7%d8%a6%d9%82%d8%a9', 0),
(350, 'أحدث الهواتف', '%d8%a3%d8%ad%d8%af%d8%ab-%d8%a7%d9%84%d9%87%d9%88%d8%a7%d8%aa%d9%81', 0),
(351, 'هاتف ذكي', '%d9%87%d8%a7%d8%aa%d9%81-%d8%b0%d9%83%d9%8a', 0),
(352, 'فائقة 5G', '%d9%81%d8%a7%d8%a6%d9%82%d8%a9-5g', 0),
(353, 'سامسونج فوتوغرافي', '%d8%b3%d8%a7%d9%85%d8%b3%d9%88%d9%86%d8%ac-%d9%81%d9%88%d8%aa%d9%88%d8%ba%d8%b1%d8%a7%d9%81%d9%8a', 0),
(354, 'سامسونج s21 Ultra', '%d8%b3%d8%a7%d9%85%d8%b3%d9%88%d9%86%d8%ac-s21-ultra', 0),
(355, 'اى باد رسم في', '%d8%a7%d9%89-%d8%a8%d8%a7%d8%af-%d8%b1%d8%b3%d9%85-%d9%81%d9%8a', 0),
(356, 'الإنجاب', '%d8%a7%d9%84%d8%a5%d9%86%d8%ac%d8%a7%d8%a8', 0),
(357, 'الألعاب', '%d8%a7%d9%84%d8%a3%d9%84%d8%b9%d8%a7%d8%a8', 0),
(358, 'ايبادارت', '%d8%a7%d9%8a%d8%a8%d8%a7%d8%af%d8%a7%d8%b1%d8%aa', 0),
(359, 'قلم آبل', '%d9%82%d9%84%d9%85-%d8%a2%d8%a8%d9%84', 0),
(360, 'طليعة اى باد', '%d8%b7%d9%84%d9%8a%d8%b9%d8%a9-%d8%a7%d9%89-%d8%a8%d8%a7%d8%af', 0),
(361, 'أقراص أبل', '%d8%a3%d9%82%d8%b1%d8%a7%d8%b5-%d8%a3%d8%a8%d9%84', 0),
(362, 'تفاح', '%d8%aa%d9%81%d8%a7%d8%ad', 0),
(363, 'آيفون 13', '%d8%a2%d9%8a%d9%81%d9%88%d9%86-13', 0),
(364, 'أحدث إصدار', '%d8%a3%d8%ad%d8%af%d8%ab-%d8%a5%d8%b5%d8%af%d8%a7%d8%b1', 0),
(365, 'آيفون13Pro Max', '%d8%a2%d9%8a%d9%81%d9%88%d9%8613pro-max', 0),
(366, 'اكسسوارات التفاح', '%d8%a7%d9%83%d8%b3%d8%b3%d9%88%d8%a7%d8%b1%d8%a7%d8%aa-%d8%a7%d9%84%d8%aa%d9%81%d8%a7%d8%ad', 0),
(367, 'متجر آبل', '%d9%85%d8%aa%d8%ac%d8%b1-%d8%a2%d8%a8%d9%84', 0),
(368, 'نوتيك', '%d9%86%d9%88%d8%aa%d9%8a%d9%83', 0),
(369, 'ويفزورف', '%d9%88%d9%8a%d9%81%d8%b2%d9%88%d8%b1%d9%81', 0),
(370, 'القارب الهوائي', '%d8%a7%d9%84%d9%82%d8%a7%d8%b1%d8%a8-%d8%a7%d9%84%d9%87%d9%88%d8%a7%d8%a6%d9%8a', 0),
(371, 'قارب', '%d9%82%d8%a7%d8%b1%d8%a8', 0),
(372, 'حياة القوارب', '%d8%ad%d9%8a%d8%a7%d8%a9-%d8%a7%d9%84%d9%82%d9%88%d8%a7%d8%b1%d8%a8', 0),
(373, 'تزلج', '%d8%aa%d8%b2%d9%84%d8%ac', 0),
(374, 'تصفح', '%d8%aa%d8%b5%d9%81%d8%ad', 0),
(375, 'القوارب', '%d8%a7%d9%84%d9%82%d9%88%d8%a7%d8%b1%d8%a8', 0),
(376, 'تلوين', '%d8%aa%d9%84%d9%88%d9%8a%d9%86', 0),
(377, 'فن', '%d9%81%d9%86', 0),
(378, 'الفنانين', '%d8%a7%d9%84%d9%81%d9%86%d8%a7%d9%86%d9%8a%d9%86', 0),
(379, 'طلاء زيتي', '%d8%b7%d9%84%d8%a7%d8%a1-%d8%b2%d9%8a%d8%aa%d9%8a', 0),
(380, 'اكريليك', '%d8%a7%d9%83%d8%b1%d9%8a%d9%84%d9%8a%d9%83', 0),
(381, 'الفن العميق', '%d8%a7%d9%84%d9%81%d9%86-%d8%a7%d9%84%d8%b9%d9%85%d9%8a%d9%82', 0),
(382, 'إبداع', '%d8%a5%d8%a8%d8%af%d8%a7%d8%b9', 0),
(383, 'اللوحة الإبداعية', '%d8%a7%d9%84%d9%84%d9%88%d8%ad%d8%a9-%d8%a7%d9%84%d8%a5%d8%a8%d8%af%d8%a7%d8%b9%d9%8a%d8%a9', 0),
(384, 'فن معاصر', '%d9%81%d9%86-%d9%85%d8%b9%d8%a7%d8%b5%d8%b1', 0),
(385, 'معرض فني', '%d9%85%d8%b9%d8%b1%d8%b6-%d9%81%d9%86%d9%8a', 0),
(386, 'روتويللر', '%d8%b1%d9%88%d8%aa%d9%88%d9%8a%d9%84%d9%84%d8%b1', 0),
(387, 'كلب', '%d9%83%d9%84%d8%a8', 0),
(388, 'كلب حراسة', '%d9%83%d9%84%d8%a8-%d8%ad%d8%b1%d8%a7%d8%a7%d8%b3%d8%a9', 0),
(389, 'روتيلوف', '%d8%b1%d9%88%d8%aa%d9%8a%d9%84%d9%88%d9%81', 0),
(390, 'حب الجرو', '%d8%ad%d8%a8-%d8%a7%d9%84%d8%ac%d8%b1%d9%88', 0),
(391, 'كلاب روتويللر', '%d9%83%d9%84%d8%a7%d8%a8-%d8%b1%d9%88%d8%aa%d9%88%d9%8a%d9%84%d9%84%d8%b1', 0),
(392, 'متعفن', '%d9%85%d8%aa%d8%b9%d9%81%d9%86', 0),
(393, 'سلالة روتويللر', '%d8%b3%d9%84%d8%a7%d9%84%d8%a9-%d8%b1%d9%88%d8%aa%d9%88%d9%8a%d9%84%d9%84%d8%b1', 0),
(394, 'روتويللر', '%d8%b1%d9%88%d9%88%d8%aa%d9%88%d9%8a%d9%84%d9%84%d8%b1', 0),
(395, 'كونترولرجانج', '%d9%83%d9%88%d9%86%d8%aa%d8%b1%d9%88%d9%84%d8%b1%d8%ac%d8%a7%d9%86%d8%ac', 0),
(396, 'متحكم مخصص', '%d9%85%d8%aa%d8%ad%d9%83%d9%85-%d9%85%d8%ae%d8%b5%d8%b5', 0),
(397, 'متحكم modded', '%d9%85%d8%aa%d8%ad%d9%83%d9%85-modded', 0),
(398, 'غرفة الألعاب', '%d8%ba%d8%b1%d9%81%d8%a9-%d8%a7%d9%84%d8%a3%d9%84%d8%b9%d8%a7%d8%a8', 0),
(399, 'جيمنج لايف', '%d8%ac%d9%8a%d9%85%d9%86%d8%ac-%d9%84%d8%a7%d9%8a%d9%81', 0),
(400, 'وحدات تحكم', '%d9%88%d8%ad%d8%af%d8%a7%d8%aa-%d8%aa%d8%ad%d9%83%d9%85', 0),
(401, 'إعداد الألعاب', '%d8%a5%d8%b9%d8%af%d8%a7%d8%af-%d8%a7%d9%84%d8%a3%d9%84%d8%b9%d8%a7%d8%a8', 0),
(402, 'يخت', '%d9%8a%d8%ae%d8%aa', 0),
(403, 'حياة الشاطئ', '%d8%ad%d9%8a%d8%a7%d8%a9-%d8%a7%d9%84%d8%b4%d8%a7%d8%b7%d8%a6', 0),
(404, 'طبيعة سجية', '%d8%b7%d8%a8%d9%8a%d8%b9%d8%a9-%d8%b3%d8%ac%d9%8a%d8%a9', 0),
(405, 'إبحار', '%d8%a5%d8%a8%d8%ad%d8%a7%d8%b1', 0),
(406, 'صيد السمك', '%d8%b5%d9%8a%d8%af-%d8%a7%d9%84%d8%b3%d9%85%d9%83', 0),
(407, 'المربي', '%d8%a7%d9%84%d9%85%d8%b1%d8%a8%d9%8a', 0),
(408, 'كلب حراسة', '%d9%83%d9%84%d8%a8-%d8%ad%d8%b1%d8%a7%d8%b3%d8%a9', 0),
(409, 'Food', 'food', 0),
(410, 'Entertainment', 'entertainment', 0),
(411, 'Technology', 'technology', 0),
(412, 'Sports', 'sports', 0),
(413, 'Real Estate', 'real-estate', 0),
(414, 'food', 'food', 0),
(415, 'classified', 'classified', 0),
(416, 'Promotion', 'promotion', 0),
(417, 'Sell and Buy', 'sell-and-buy', 0),
(418, 'technology', 'technology', 0),
(419, 'data analysis', 'data-analysis', 0),
(420, 'marketing', 'marketing', 0),
(421, 'ecommerce', 'ecommerce', 0),
(422, 'bitcoin trading', 'bitcoin-trading', 0),
(423, 'Business deal', 'business-deal', 0),
(424, 'marketing strategies', 'marketing-strategies', 0),
(425, 'healthy food', 'healthy-food', 0),
(426, 'food bloging', 'food-bloging', 0),
(427, 'advertisements', 'advertisements', 0),
(428, 'online marketing', 'online-marketing', 0),
(429, 'business strategies', 'business-strategies', 0),
(430, 'New Tech', 'new-tech', 0),
(431, 'Electronic Products', 'electronic-products', 0),
(432, 'Footer Menu', 'footer-menu', 0),
(433, 'Min Price', 'min-price', 0),
(434, 'Max Price', 'max-price', 0),
(435, 'Top rated vendor', 'top-rated-vendor', 0),
(436, 'أخبار يومية', '%d8%a3%d8%ae%d8%a8%d8%a7%d8%b1-%d9%8a%d9%88%d9%85%d9%8a%d8%a9', 0),
(437, 'رياضات', '%d8%b1%d9%8a%d8%a7%d8%b6%d8%a7%d8%aa', 0),
(438, 'بيت من طابق واحد', '%d8%a8%d9%8a%d8%aa-%d9%85%d9%86-%d8%b7%d8%a7%d8%a8%d9%82-%d9%88%d8%a7%d8%ad%d8%af', 0),
(439, 'فيلا', '%d9%81%d9%8a%d9%84%d8%a7', 0),
(440, 'أحزمة', '%d8%a3%d8%ad%d8%b2%d9%85%d8%a9', 0),
(441, 'هواوي', '%d9%87%d9%88%d8%a7%d9%88%d9%8a', 0),
(442, 'تسويق', '%d8%aa%d8%b3%d9%88%d9%8a%d9%82', 0),
(443, 'Main Menu', 'main-menu', 0);

INSERT INTO `wp_term_relationships` (`object_id`, `term_taxonomy_id`, `term_order`) VALUES
(37, 15, 0),
(37, 16, 0),
(38, 15, 0),
(38, 16, 0),
(39, 15, 0),
(39, 16, 0),
(221, 17, 0),
(221, 20, 0),
(221, 29, 0),
(221, 213, 0),
(221, 215, 0),
(221, 255, 0),
(221, 267, 0),
(221, 270, 0),
(221, 271, 0),
(221, 407, 0),
(221, 408, 0),
(227, 51, 0),
(227, 52, 0),
(227, 57, 0),
(227, 211, 0),
(227, 212, 0),
(227, 235, 0),
(227, 255, 0),
(227, 263, 0),
(227, 267, 0),
(227, 269, 0),
(227, 279, 0),
(227, 280, 0),
(227, 281, 0),
(227, 282, 0),
(227, 283, 0),
(227, 284, 0),
(236, 71, 0),
(236, 77, 0),
(236, 80, 0),
(236, 213, 0),
(236, 216, 0),
(236, 257, 0),
(236, 262, 0),
(236, 267, 0),
(236, 269, 0),
(236, 285, 0),
(236, 286, 0),
(236, 287, 0),
(236, 288, 0),
(236, 289, 0),
(253, 17, 0),
(253, 20, 0),
(253, 30, 0),
(253, 221, 0),
(253, 222, 0),
(253, 226, 0),
(253, 259, 0),
(253, 266, 0),
(253, 269, 0),
(253, 290, 0),
(253, 291, 0),
(253, 292, 0),
(253, 293, 0),
(253, 294, 0),
(263, 17, 0),
(263, 21, 0),
(263, 28, 0),
(263, 245, 0),
(263, 246, 0),
(263, 247, 0),
(263, 255, 0),
(263, 264, 0),
(263, 295, 0),
(263, 296, 0),
(263, 297, 0),
(263, 298, 0),
(263, 299, 0),
(279, 17, 0),
(279, 19, 0),
(279, 32, 0),
(279, 249, 0),
(279, 252, 0),
(279, 258, 0),
(279, 267, 0),
(279, 300, 0),
(279, 301, 0),
(279, 302, 0),
(279, 303, 0),
(279, 304, 0),
(279, 305, 0),
(292, 17, 0),
(292, 19, 0),
(292, 33, 0),
(292, 245, 0),
(292, 246, 0),
(292, 247, 0),
(292, 261, 0),
(292, 267, 0),
(292, 301, 0),
(292, 306, 0),
(292, 307, 0),
(292, 308, 0),
(292, 309, 0),
(292, 310, 0),
(301, 51, 0),
(301, 52, 0),
(301, 63, 0),
(301, 237, 0),
(301, 240, 0),
(301, 260, 0),
(301, 263, 0),
(301, 267, 0),
(301, 268, 0),
(301, 311, 0),
(301, 312, 0),
(301, 313, 0),
(301, 314, 0),
(301, 315, 0),
(309, 17, 0),
(309, 22, 0),
(309, 24, 0),
(309, 81, 0),
(309, 245, 0),
(309, 246, 0),
(309, 247, 0),
(309, 261, 0),
(309, 265, 0),
(309, 316, 0),
(309, 317, 0),
(309, 318, 0),
(309, 319, 0),
(309, 320, 0),
(309, 321, 0),
(318, 71, 0),
(318, 77, 0),
(318, 237, 0),
(318, 238, 0),
(318, 256, 0),
(318, 262, 0),
(318, 264, 0),
(318, 268, 0),
(318, 285, 0),
(318, 287, 0),
(318, 288, 0),
(318, 322, 0),
(318, 323, 0),
(318, 324, 0),
(318, 325, 0),
(318, 326, 0),
(318, 327, 0),
(328, 51, 0),
(328, 54, 0),
(328, 217, 0),
(328, 218, 0),
(328, 258, 0),
(328, 262, 0),
(328, 265, 0),
(328, 268, 0),
(328, 328, 0),
(328, 329, 0),
(328, 330, 0),
(328, 331, 0),
(328, 332, 0),
(328, 333, 0),
(341, 245, 0),
(341, 246, 0),
(341, 247, 0),
(341, 261, 0),
(341, 267, 0),
(341, 273, 0),
(341, 274, 0),
(341, 334, 0),
(341, 335, 0),
(341, 336, 0),
(341, 337, 0),
(341, 338, 0),
(341, 339, 0),
(341, 340, 0),
(350, 17, 0),
(350, 18, 0),
(350, 237, 0),
(350, 240, 0),
(350, 260, 0),
(350, 267, 0),
(350, 341, 0),
(350, 342, 0),
(350, 343, 0),
(350, 344, 0),
(350, 345, 0),
(350, 346, 0),
(350, 347, 0),
(357, 64, 0),
(357, 67, 0),
(357, 69, 0),
(357, 221, 0),
(357, 222, 0),
(357, 226, 0),
(357, 259, 0),
(357, 262, 0),
(357, 265, 0),
(357, 268, 0),
(357, 348, 0),
(357, 349, 0),
(357, 350, 0),
(357, 351, 0),
(357, 352, 0),
(357, 353, 0),
(357, 354, 0),
(363, 64, 0),
(363, 76, 0),
(363, 249, 0),
(363, 252, 0),
(363, 261, 0),
(363, 262, 0),
(363, 265, 0),
(363, 268, 0),
(363, 355, 0),
(363, 356, 0),
(363, 357, 0),
(363, 358, 0),
(363, 359, 0),
(363, 360, 0),
(363, 361, 0),
(371, 64, 0),
(371, 67, 0),
(371, 68, 0),
(371, 245, 0),
(371, 246, 0),
(371, 255, 0),
(371, 262, 0),
(371, 267, 0),
(371, 268, 0),
(371, 351, 0),
(371, 362, 0),
(371, 363, 0),
(371, 364, 0),
(371, 365, 0),
(371, 366, 0),
(371, 367, 0),
(377, 51, 0),
(377, 53, 0),
(377, 249, 0),
(377, 250, 0),
(377, 255, 0),
(377, 262, 0),
(377, 264, 0),
(377, 268, 0),
(377, 368, 0),
(377, 369, 0),
(377, 370, 0),
(377, 371, 0),
(377, 372, 0),
(377, 373, 0),
(377, 374, 0),
(377, 375, 0),
(384, 38, 0),
(384, 39, 0),
(384, 237, 0),
(384, 241, 0),
(384, 260, 0),
(384, 262, 0),
(384, 267, 0),
(384, 269, 0),
(384, 376, 0),
(384, 377, 0),
(384, 378, 0),
(384, 379, 0),
(384, 380, 0),
(384, 381, 0),
(384, 382, 0),
(384, 383, 0),
(384, 384, 0),
(384, 385, 0),
(393, 17, 0),
(393, 20, 0),
(393, 85, 0),
(393, 217, 0),
(393, 219, 0),
(393, 256, 0),
(393, 266, 0),
(393, 386, 0),
(393, 387, 0),
(393, 388, 0),
(393, 389, 0),
(393, 390, 0),
(393, 391, 0),
(393, 392, 0),
(393, 393, 0),
(393, 394, 0),
(401, 64, 0),
(401, 66, 0),
(401, 211, 0),
(401, 212, 0),
(401, 256, 0),
(401, 262, 0),
(401, 265, 0),
(401, 268, 0),
(401, 395, 0),
(401, 396, 0),
(401, 397, 0),
(401, 398, 0),
(401, 399, 0),
(401, 400, 0),
(401, 401, 0),
(409, 51, 0),
(409, 53, 0),
(409, 211, 0),
(409, 231, 0),
(409, 232, 0),
(409, 255, 0),
(409, 263, 0),
(409, 267, 0),
(409, 269, 0),
(409, 372, 0),
(409, 375, 0),
(409, 402, 0),
(409, 403, 0),
(409, 404, 0),
(409, 405, 0),
(409, 406, 0),
(425, 409, 0),
(425, 414, 0),
(425, 415, 0),
(425, 416, 0),
(425, 417, 0),
(429, 411, 0),
(429, 418, 0),
(429, 419, 0),
(429, 420, 0),
(435, 411, 0),
(435, 418, 0),
(435, 421, 0),
(435, 422, 0),
(440, 411, 0),
(440, 412, 0),
(440, 420, 0),
(440, 423, 0),
(440, 424, 0),
(445, 412, 0),
(457, 409, 0),
(457, 414, 0),
(457, 425, 0),
(457, 426, 0),
(461, 410, 0),
(461, 420, 0),
(461, 421, 0),
(461, 427, 0),
(461, 428, 0),
(461, 429, 0),
(465, 411, 0),
(465, 430, 0),
(465, 431, 0),
(536, 432, 0),
(537, 432, 0),
(538, 432, 0),
(539, 432, 0),
(1306, 443, 0),
(1307, 443, 0),
(1308, 443, 0),
(1309, 443, 0),
(1310, 443, 0),
(1312, 443, 0),
(1313, 443, 0),
(1314, 443, 0),
(1315, 443, 0),
(1316, 443, 0),
(1317, 443, 0),
(1318, 443, 0),
(1319, 443, 0),
(1320, 443, 0),
(1321, 443, 0),
(1322, 443, 0),
(1323, 443, 0),
(1324, 443, 0),
(1325, 443, 0),
(1326, 443, 0),
(1336, 443, 0),
(1337, 443, 0),
(1338, 443, 0),
(1339, 443, 0),
(1340, 443, 0),
(1356, 443, 0),
(1357, 443, 0),
(1358, 443, 0),
(1359, 443, 0),
(1360, 443, 0),
(1361, 443, 0),
(1362, 443, 0),
(1363, 443, 0),
(1364, 443, 0),
(1365, 443, 0),
(1366, 443, 0),
(1367, 443, 0),
(1369, 443, 0),
(1370, 443, 0),
(1371, 443, 0),
(1376, 443, 0),
(1377, 443, 0),
(1378, 443, 0),
(1379, 443, 0),
(1380, 443, 0),
(1381, 443, 0),
(1382, 443, 0),
(1383, 443, 0),
(1384, 443, 0),
(1385, 443, 0),
(1387, 443, 0),
(1388, 443, 0),
(1389, 443, 0),
(1390, 443, 0),
(1391, 443, 0),
(1392, 443, 0),
(1393, 443, 0),
(1394, 443, 0),
(1395, 443, 0),
(1396, 443, 0),
(1397, 443, 0),
(1398, 443, 0),
(1399, 443, 0),
(1400, 443, 0),
(1401, 443, 0),
(1402, 443, 0),
(1403, 443, 0),
(1404, 443, 0),
(1405, 443, 0);

INSERT INTO `wp_term_taxonomy` (`term_taxonomy_id`, `term_id`, `taxonomy`, `description`, `parent`, `count`) VALUES
(1, 1, 'category', '', 0, 0),
(2, 2, 'product_type', '', 0, 0),
(3, 3, 'product_type', '', 0, 0),
(4, 4, 'product_type', '', 0, 0),
(5, 5, 'product_type', '', 0, 0),
(6, 6, 'product_visibility', '', 0, 0),
(7, 7, 'product_visibility', '', 0, 0),
(8, 8, 'product_visibility', '', 0, 0),
(9, 9, 'product_visibility', '', 0, 0),
(10, 10, 'product_visibility', '', 0, 0),
(11, 11, 'product_visibility', '', 0, 0),
(12, 12, 'product_visibility', '', 0, 0),
(13, 13, 'product_visibility', '', 0, 0),
(14, 14, 'product_visibility', '', 0, 0),
(15, 15, 'product_cat', '', 0, 3),
(16, 16, 'product_type', '', 0, 3),
(17, 17, 'ad_cats', '', 0, 8),
(18, 18, 'ad_cats', '', 17, 1),
(19, 19, 'ad_cats', '', 17, 2),
(20, 20, 'ad_cats', '', 17, 3),
(21, 21, 'ad_cats', '', 17, 1),
(22, 22, 'ad_cats', '', 17, 1),
(23, 23, 'ad_cats', '', 22, 0),
(24, 24, 'ad_cats', '', 22, 1),
(25, 25, 'ad_cats', '', 22, 0),
(26, 26, 'ad_cats', '', 21, 0),
(27, 27, 'ad_cats', '', 21, 0),
(28, 28, 'ad_cats', '', 21, 1),
(29, 29, 'ad_cats', '', 20, 1),
(30, 30, 'ad_cats', '', 20, 1),
(31, 31, 'ad_cats', '', 20, 0),
(32, 32, 'ad_cats', '', 19, 1),
(33, 33, 'ad_cats', '', 19, 1),
(34, 34, 'ad_cats', '', 19, 0),
(35, 35, 'ad_cats', '', 18, 0),
(36, 36, 'ad_cats', '', 18, 0),
(37, 37, 'ad_cats', '', 18, 0),
(38, 38, 'ad_cats', '', 0, 1),
(39, 39, 'ad_cats', '', 38, 1),
(40, 40, 'ad_cats', '', 38, 0),
(41, 41, 'ad_cats', '', 38, 0),
(42, 42, 'ad_cats', '', 38, 0),
(43, 43, 'ad_cats', '', 0, 0),
(44, 44, 'ad_cats', '', 43, 0),
(45, 45, 'ad_cats', '', 43, 0),
(46, 46, 'ad_cats', '', 43, 0),
(47, 47, 'ad_cats', '', 0, 0),
(48, 48, 'ad_cats', '', 47, 0),
(49, 49, 'ad_cats', '', 47, 0),
(50, 50, 'ad_cats', '', 47, 0),
(51, 51, 'ad_cats', '', 0, 4),
(52, 52, 'ad_cats', '', 51, 1),
(53, 53, 'ad_cats', '', 51, 2),
(54, 54, 'ad_cats', '', 51, 1),
(55, 55, 'ad_cats', '', 51, 0),
(56, 56, 'ad_cats', '', 52, 0),
(57, 57, 'ad_cats', '', 52, 1),
(58, 58, 'ad_cats', '', 52, 0),
(59, 59, 'ad_cats', '', 58, 0),
(60, 60, 'ad_cats', '', 52, 0),
(61, 61, 'ad_cats', '', 60, 0),
(62, 62, 'ad_cats', '', 60, 0),
(63, 63, 'ad_cats', '', 52, 0),
(64, 64, 'ad_cats', '', 0, 4),
(65, 65, 'ad_cats', '', 64, 0),
(66, 66, 'ad_cats', '', 64, 1),
(67, 67, 'ad_cats', '', 64, 2),
(68, 68, 'ad_cats', '', 67, 1),
(69, 69, 'ad_cats', '', 67, 1),
(70, 70, 'ad_cats', '', 67, 0),
(71, 71, 'ad_cats', '', 0, 2),
(72, 72, 'ad_cats', '', 0, 0),
(73, 73, 'ad_cats', '', 72, 0),
(74, 74, 'ad_cats', '', 72, 0),
(75, 75, 'ad_cats', '', 71, 0),
(76, 76, 'ad_cats', '', 64, 1),
(77, 77, 'ad_cats', '', 71, 2),
(78, 78, 'ad_cats', '', 77, 0),
(79, 79, 'ad_cats', '', 77, 0),
(80, 80, 'ad_cats', '', 77, 1),
(81, 81, 'ad_cats', '', 24, 1),
(82, 82, 'ad_cats', '', 24, 0),
(83, 83, 'ad_cats', '', 24, 0),
(84, 84, 'ad_cats', '', 24, 0),
(85, 85, 'ad_cats', '', 20, 1),
(211, 211, 'ad_country', '', 0, 3),
(212, 212, 'ad_country', '', 211, 2),
(213, 213, 'ad_country', '', 0, 2),
(214, 214, 'ad_country', '', 213, 0),
(215, 215, 'ad_country', '', 213, 1),
(216, 216, 'ad_country', '', 213, 1),
(217, 217, 'ad_country', '', 0, 2),
(218, 218, 'ad_country', '', 217, 1),
(219, 219, 'ad_country', '', 217, 1),
(220, 220, 'ad_country', '', 217, 0),
(221, 221, 'ad_country', '', 0, 2),
(222, 222, 'ad_country', '', 221, 2),
(223, 223, 'ad_country', '', 221, 0),
(224, 224, 'ad_country', '', 221, 0),
(225, 225, 'ad_country', '', 221, 0),
(226, 226, 'ad_country', '', 222, 2),
(227, 227, 'ad_country', '', 222, 0),
(228, 228, 'ad_country', '', 222, 0),
(229, 229, 'ad_country', '', 226, 0),
(230, 230, 'ad_country', '', 226, 0),
(231, 231, 'ad_country', '', 211, 1),
(232, 232, 'ad_country', '', 231, 1),
(233, 233, 'ad_country', '', 231, 0),
(234, 234, 'ad_country', '', 212, 0),
(235, 235, 'ad_country', '', 212, 1),
(236, 236, 'ad_country', '', 213, 0),
(237, 237, 'ad_country', '', 0, 3),
(238, 238, 'ad_country', '', 237, 1),
(239, 239, 'ad_country', '', 237, 0),
(240, 240, 'ad_country', '', 237, 1),
(241, 241, 'ad_country', '', 237, 1),
(242, 242, 'ad_country', '', 239, 0),
(243, 243, 'ad_country', '', 239, 0),
(244, 244, 'ad_country', '', 241, 0),
(245, 245, 'ad_country', '', 0, 5),
(246, 246, 'ad_country', '', 245, 5),
(247, 247, 'ad_country', '', 246, 4),
(248, 248, 'ad_country', '', 247, 0),
(249, 249, 'ad_country', '', 0, 3),
(250, 250, 'ad_country', '', 249, 1),
(251, 251, 'ad_country', '', 249, 0),
(252, 252, 'ad_country', '', 249, 2),
(255, 255, 'ad_currency', '', 0, 6),
(256, 256, 'ad_currency', '', 0, 3),
(257, 257, 'ad_currency', '', 0, 1),
(258, 258, 'ad_currency', '', 0, 2),
(259, 259, 'ad_currency', '', 0, 2),
(260, 260, 'ad_currency', '', 0, 2),
(261, 261, 'ad_currency', '', 0, 4),
(262, 262, 'ad_condition', '', 0, 9),
(263, 263, 'ad_condition', '', 0, 2),
(264, 264, 'ad_type', '', 0, 3),
(265, 265, 'ad_type', '', 0, 5),
(266, 266, 'ad_type', '', 0, 2),
(267, 267, 'ad_type', '', 0, 10),
(268, 268, 'ad_warranty', '', 0, 7),
(269, 269, 'ad_warranty', '', 0, 5),
(270, 270, 'ad_tags', '', 0, 1),
(271, 271, 'ad_tags', '', 0, 1),
(272, 272, 'ad_tags', '', 0, 0),
(273, 273, 'ad_cats', '', 0, 1),
(274, 274, 'ad_cats', '', 273, 1),
(275, 275, 'ad_cats', '', 273, 0),
(276, 276, 'ad_cats', '', 273, 0),
(277, 277, 'ad_cats', '', 273, 0),
(278, 278, 'ad_cats', '', 273, 0),
(279, 279, 'ad_tags', '', 0, 1),
(280, 280, 'ad_tags', '', 0, 1),
(281, 281, 'ad_tags', '', 0, 1),
(282, 282, 'ad_tags', '', 0, 1),
(283, 283, 'ad_tags', '', 0, 1),
(284, 284, 'ad_tags', '', 0, 1),
(285, 285, 'ad_tags', '', 0, 2),
(286, 286, 'ad_tags', '', 0, 1),
(287, 287, 'ad_tags', '', 0, 2),
(288, 288, 'ad_tags', '', 0, 2),
(289, 289, 'ad_tags', '', 0, 1),
(290, 290, 'ad_tags', '', 0, 1),
(291, 291, 'ad_tags', '', 0, 1),
(292, 292, 'ad_tags', '', 0, 1),
(293, 293, 'ad_tags', '', 0, 1),
(294, 294, 'ad_tags', '', 0, 1),
(295, 295, 'ad_tags', '', 0, 1),
(296, 296, 'ad_tags', '', 0, 1),
(297, 297, 'ad_tags', '', 0, 1),
(298, 298, 'ad_tags', '', 0, 1),
(299, 299, 'ad_tags', '', 0, 1),
(300, 300, 'ad_tags', '', 0, 1),
(301, 301, 'ad_tags', '', 0, 2),
(302, 302, 'ad_tags', '', 0, 1),
(303, 303, 'ad_tags', '', 0, 1),
(304, 304, 'ad_tags', '', 0, 1),
(305, 305, 'ad_tags', '', 0, 1),
(306, 306, 'ad_tags', '', 0, 1),
(307, 307, 'ad_tags', '', 0, 1),
(308, 308, 'ad_tags', '', 0, 1),
(309, 309, 'ad_tags', '', 0, 1),
(310, 310, 'ad_tags', '', 0, 1),
(311, 311, 'ad_tags', '', 0, 0),
(312, 312, 'ad_tags', '', 0, 0),
(313, 313, 'ad_tags', '', 0, 0),
(314, 314, 'ad_tags', '', 0, 0),
(315, 315, 'ad_tags', '', 0, 0),
(316, 316, 'ad_tags', '', 0, 1),
(317, 317, 'ad_tags', '', 0, 1),
(318, 318, 'ad_tags', '', 0, 1),
(319, 319, 'ad_tags', '', 0, 1),
(320, 320, 'ad_tags', '', 0, 1),
(321, 321, 'ad_tags', '', 0, 1),
(322, 322, 'ad_tags', '', 0, 1),
(323, 323, 'ad_tags', '', 0, 1),
(324, 324, 'ad_tags', '', 0, 1),
(325, 325, 'ad_tags', '', 0, 1),
(326, 326, 'ad_tags', '', 0, 1),
(327, 327, 'ad_tags', '', 0, 1),
(328, 328, 'ad_tags', '', 0, 1),
(329, 329, 'ad_tags', '', 0, 1),
(330, 330, 'ad_tags', '', 0, 1),
(331, 331, 'ad_tags', '', 0, 1),
(332, 332, 'ad_tags', '', 0, 1),
(333, 333, 'ad_tags', '', 0, 1),
(334, 334, 'ad_tags', '', 0, 1),
(335, 335, 'ad_tags', '', 0, 1),
(336, 336, 'ad_tags', '', 0, 1),
(337, 337, 'ad_tags', '', 0, 1),
(338, 338, 'ad_tags', '', 0, 1),
(339, 339, 'ad_tags', '', 0, 1),
(340, 340, 'ad_tags', '', 0, 1),
(341, 341, 'ad_tags', '', 0, 1),
(342, 342, 'ad_tags', '', 0, 1),
(343, 343, 'ad_tags', '', 0, 1),
(344, 344, 'ad_tags', '', 0, 1),
(345, 345, 'ad_tags', '', 0, 1),
(346, 346, 'ad_tags', '', 0, 1),
(347, 347, 'ad_tags', '', 0, 1),
(348, 348, 'ad_tags', '', 0, 1),
(349, 349, 'ad_tags', '', 0, 1),
(350, 350, 'ad_tags', '', 0, 1),
(351, 351, 'ad_tags', '', 0, 2),
(352, 352, 'ad_tags', '', 0, 1),
(353, 353, 'ad_tags', '', 0, 1),
(354, 354, 'ad_tags', '', 0, 1),
(355, 355, 'ad_tags', '', 0, 1),
(356, 356, 'ad_tags', '', 0, 1),
(357, 357, 'ad_tags', '', 0, 1),
(358, 358, 'ad_tags', '', 0, 1),
(359, 359, 'ad_tags', '', 0, 1),
(360, 360, 'ad_tags', '', 0, 1),
(361, 361, 'ad_tags', '', 0, 1),
(362, 362, 'ad_tags', '', 0, 1),
(363, 363, 'ad_tags', '', 0, 1),
(364, 364, 'ad_tags', '', 0, 1),
(365, 365, 'ad_tags', '', 0, 1),
(366, 366, 'ad_tags', '', 0, 1),
(367, 367, 'ad_tags', '', 0, 1),
(368, 368, 'ad_tags', '', 0, 1),
(369, 369, 'ad_tags', '', 0, 1),
(370, 370, 'ad_tags', '', 0, 1),
(371, 371, 'ad_tags', '', 0, 1),
(372, 372, 'ad_tags', '', 0, 2),
(373, 373, 'ad_tags', '', 0, 1),
(374, 374, 'ad_tags', '', 0, 1),
(375, 375, 'ad_tags', '', 0, 2),
(376, 376, 'ad_tags', '', 0, 1),
(377, 377, 'ad_tags', '', 0, 1),
(378, 378, 'ad_tags', '', 0, 1),
(379, 379, 'ad_tags', '', 0, 1),
(380, 380, 'ad_tags', '', 0, 1),
(381, 381, 'ad_tags', '', 0, 1),
(382, 382, 'ad_tags', '', 0, 1),
(383, 383, 'ad_tags', '', 0, 1),
(384, 384, 'ad_tags', '', 0, 1),
(385, 385, 'ad_tags', '', 0, 1),
(386, 386, 'ad_tags', '', 0, 1),
(387, 387, 'ad_tags', '', 0, 1),
(388, 388, 'ad_tags', '', 0, 1),
(389, 389, 'ad_tags', '', 0, 1),
(390, 390, 'ad_tags', '', 0, 1),
(391, 391, 'ad_tags', '', 0, 1),
(392, 392, 'ad_tags', '', 0, 1),
(393, 393, 'ad_tags', '', 0, 1),
(394, 394, 'ad_tags', '', 0, 1),
(395, 395, 'ad_tags', '', 0, 1),
(396, 396, 'ad_tags', '', 0, 1),
(397, 397, 'ad_tags', '', 0, 1),
(398, 398, 'ad_tags', '', 0, 1),
(399, 399, 'ad_tags', '', 0, 1),
(400, 400, 'ad_tags', '', 0, 1),
(401, 401, 'ad_tags', '', 0, 1),
(402, 402, 'ad_tags', '', 0, 1),
(403, 403, 'ad_tags', '', 0, 1),
(404, 404, 'ad_tags', '', 0, 1),
(405, 405, 'ad_tags', '', 0, 1),
(406, 406, 'ad_tags', '', 0, 1),
(407, 407, 'ad_tags', '', 0, 1),
(408, 408, 'ad_tags', '', 0, 1),
(409, 409, 'category', '', 0, 2),
(410, 410, 'category', '', 0, 1),
(411, 411, 'category', '', 0, 4),
(412, 412, 'category', '', 0, 2),
(413, 413, 'category', '', 0, 0),
(414, 414, 'post_tag', '', 0, 2),
(415, 415, 'post_tag', '', 0, 1),
(416, 416, 'post_tag', '', 0, 1),
(417, 417, 'post_tag', '', 0, 1),
(418, 418, 'post_tag', '', 0, 2),
(419, 419, 'post_tag', '', 0, 1),
(420, 420, 'post_tag', '', 0, 3),
(421, 421, 'post_tag', '', 0, 2),
(422, 422, 'post_tag', '', 0, 1),
(423, 423, 'post_tag', '', 0, 1),
(424, 424, 'post_tag', '', 0, 1),
(425, 425, 'post_tag', '', 0, 1),
(426, 426, 'post_tag', '', 0, 1),
(427, 427, 'post_tag', '', 0, 1),
(428, 428, 'post_tag', '', 0, 1),
(429, 429, 'post_tag', '', 0, 1),
(430, 430, 'post_tag', '', 0, 1),
(431, 431, 'post_tag', '', 0, 1),
(432, 432, 'nav_menu', '', 0, 4),
(433, 433, 'wcmp_spmv', 'Used for minimum price products under all single product multi vendor concept.', 0, 0),
(434, 434, 'wcmp_spmv', 'Used for maximum price products under all single product multi vendor concept.', 0, 0),
(435, 435, 'wcmp_spmv', 'Used for top rated vendor products under all single product multi vendor concept.', 0, 0),
(436, 436, 'ad_cats', '', 0, 0),
(437, 437, 'ad_cats', '', 0, 0),
(438, 438, 'ad_cats', '', 71, 0),
(439, 439, 'ad_cats', '', 71, 0),
(440, 440, 'ad_cats', '', 43, 0),
(441, 441, 'ad_cats', '', 67, 0),
(442, 442, 'ad_cats', '', 47, 0),
(443, 443, 'nav_menu', '', 0, 69);