INSERT INTO `wp_termmeta` (`meta_id`, `term_id`, `meta_key`, `meta_value`) VALUES
(1, 15, 'product_count_product_cat', '6'),
(246, 449, 'order', '0'),
(247, 449, 'commision', '0'),
(248, 449, 'display_type', ''),
(249, 449, 'thumbnail_id', '0'),
(254, 449, 'product_count_product_cat', '12'),
(255, 451, 'adforest_make_bid_cat_base', 'no'),
(256, 451, 'adforest_make_cat_paid', 'no'),
(257, 452, 'adforest_make_bid_cat_base', 'no'),
(258, 452, 'adforest_make_cat_paid', 'no'),
(259, 453, 'adforest_make_bid_cat_base', 'no'),
(260, 453, 'adforest_make_cat_paid', 'no'),
(261, 454, 'adforest_make_bid_cat_base', 'no'),
(262, 454, 'adforest_make_cat_paid', 'no'),
(263, 455, 'adforest_make_bid_cat_base', 'no'),
(264, 455, 'adforest_make_cat_paid', 'no'),
(265, 456, 'adforest_make_bid_cat_base', 'no'),
(266, 456, 'adforest_make_cat_paid', 'no'),
(267, 457, 'adforest_make_bid_cat_base', 'no'),
(268, 457, 'adforest_make_cat_paid', 'no'),
(269, 458, 'adforest_make_bid_cat_base', 'no'),
(270, 458, 'adforest_make_cat_paid', 'no'),
(271, 459, 'adforest_make_bid_cat_base', 'no'),
(272, 459, 'adforest_make_cat_paid', 'no'),
(273, 460, 'adforest_make_bid_cat_base', 'no'),
(274, 460, 'adforest_make_cat_paid', 'no'),
(275, 461, 'adforest_make_bid_cat_base', 'no'),
(276, 461, 'adforest_make_cat_paid', 'no'),
(277, 462, 'adforest_make_bid_cat_base', 'no'),
(278, 462, 'adforest_make_cat_paid', 'no'),
(279, 463, 'adforest_make_bid_cat_base', 'no'),
(280, 463, 'adforest_make_cat_paid', 'no'),
(281, 464, 'adforest_make_bid_cat_base', 'no'),
(282, 464, 'adforest_make_cat_paid', 'no'),
(283, 465, 'adforest_make_bid_cat_base', 'no'),
(284, 465, 'adforest_make_cat_paid', 'no'),
(285, 466, 'adforest_make_bid_cat_base', 'no'),
(286, 466, 'adforest_make_cat_paid', 'no'),
(287, 467, 'adforest_make_bid_cat_base', 'no'),
(288, 467, 'adforest_make_cat_paid', 'no'),
(289, 468, 'adforest_make_bid_cat_base', 'no'),
(290, 468, 'adforest_make_cat_paid', 'no'),
(291, 469, 'adforest_make_bid_cat_base', 'no'),
(292, 469, 'adforest_make_cat_paid', 'no'),
(293, 470, 'adforest_make_bid_cat_base', 'no'),
(294, 470, 'adforest_make_cat_paid', 'no'),
(295, 471, 'adforest_make_bid_cat_base', 'no'),
(296, 471, 'adforest_make_cat_paid', 'no'),
(297, 472, 'adforest_make_bid_cat_base', 'no'),
(298, 472, 'adforest_make_cat_paid', 'no'),
(299, 473, 'adforest_make_bid_cat_base', 'no'),
(300, 473, 'adforest_make_cat_paid', 'no');

--
-- Dumping data for table `wp_terms`
--

INSERT INTO `wp_terms` (`term_id`, `name`, `slug`, `term_group`) VALUES
(1, 'Uncategorized', 'uncategorized', 0),
(2, 'simple', 'simple', 0),
(3, 'grouped', 'grouped', 0),
(4, 'variable', 'variable', 0),
(5, 'external', 'external', 0),
(6, 'exclude-from-search', 'exclude-from-search', 0),
(7, 'exclude-from-catalog', 'exclude-from-catalog', 0),
(8, 'featured', 'featured', 0),
(9, 'outofstock', 'outofstock', 0),
(10, 'rated-1', 'rated-1', 0),
(11, 'rated-2', 'rated-2', 0),
(12, 'rated-3', 'rated-3', 0),
(13, 'rated-4', 'rated-4', 0),
(14, 'rated-5', 'rated-5', 0),
(15, 'Uncategorized', 'uncategorized', 0),
(16, 'adforest_classified_pkgs', 'adforest_classified_pkgs', 0),
(211, 'Australia', 'australia', 0),
(212, 'Victoria', 'victoria', 0),
(213, 'Germany', 'germany', 0),
(214, 'Berlin', 'berlin', 0),
(215, 'Hamburg', 'hamburg', 0),
(216, 'Hesse', 'hesse', 0),
(217, 'India', 'india', 0),
(218, 'Delhi', 'delhi', 0),
(219, 'Goa', 'goa', 0),
(220, 'Haryana', 'haryana', 0),
(221, 'Pakistan', 'pakistan', 0),
(222, 'Punjab', 'punjab', 0),
(223, 'Sindh', 'sindh', 0),
(224, 'Baluchistan', 'baluchistan', 0),
(225, 'KPK', 'kpk', 0),
(226, 'Lahore', 'lahore', 0),
(227, 'Multan', 'multan', 0),
(228, 'Dera Ghazi Khan', 'dera-ghazi-khan', 0),
(229, 'Kasur', 'kasur', 0),
(230, 'Sheikhupura', 'sheikhupura', 0),
(231, 'Queensland', 'queensland', 0),
(232, 'Central Queensland', 'central-queensland', 0),
(233, 'North Queensland', 'north-queensland', 0),
(234, 'Albert Park District', 'albert-park-district', 0),
(235, 'Bass District', 'bass-district', 0),
(236, 'Bremen', 'bremen', 0),
(237, 'UAE', 'uae', 0),
(238, 'Abu Dhabi', 'abu-dhabi', 0),
(239, 'Bahrain', 'bahrain', 0),
(240, 'Qatar', 'qatar', 0),
(241, 'Sharjah', 'sharjah', 0),
(242, 'Arad, Bahrain', 'arad-bahrain', 0),
(243, 'Muharraq', 'muharraq', 0),
(244, 'Riffa', 'riffa', 0),
(245, 'USA', 'usa', 0),
(246, 'California', 'california', 0),
(247, 'Sacramento', 'sacramento', 0),
(248, 'Citrus Heights', 'citrus-heights', 0),
(249, 'United States', 'united-states', 0),
(250, 'Alabama', 'alabama', 0),
(251, 'Arizona', 'arizona', 0),
(252, 'Arkansas', 'arkansas', 0),
(255, '$', 'aud', 0),
(256, '£', 'egp', 0),
(257, '¥', 'cny', 0),
(258, '฿', 'thb', 0),
(259, '₨', 'pkr', 0),
(260, '﷼', 'qar', 0),
(261, '₽', 'rub', 0),
(262, 'New', 'new', 0),
(263, 'Used', 'used', 0),
(264, 'Buy', 'buy', 0),
(265, 'Exchange', 'exchange', 0),
(266, 'Lost and Found', 'lost-and-found', 0),
(267, 'Sell', 'sell', 0),
(268, 'Yes', 'yes', 0),
(269, 'No', 'no', 0),
(270, 'GSPDs', 'gspds', 0),
(271, 'SPDs', 'spds', 0),
(272, 'Breeder Dod', 'breeder-dod', 0),
(279, 'cars', 'cars', 0),
(280, 'bmw', 'bmw', 0),
(281, 'carforsale', 'carforsale', 0),
(282, 'auto', 'auto', 0),
(283, 'carsale', 'carsale', 0),
(284, 'carspot', 'carspot', 0),
(285, 'realestate', 'realestate', 0),
(286, 'homeforsale', 'homeforsale', 0),
(287, 'interiordesign', 'interiordesign', 0),
(288, 'property', 'property', 0),
(289, 'househunting', 'househunting', 0),
(290, 'GRs', 'grs', 0),
(291, 'dogforsale', 'dogforsale', 0),
(292, 'puppy', 'puppy', 0),
(293, 'pupforsale', 'pupforsale', 0),
(294, 'shinnycoat', 'shinnycoat', 0),
(295, 'horses', 'horses', 0),
(296, 'horseriding', 'horseriding', 0),
(297, 'horselovers', 'horselovers', 0),
(298, 'morganhorse', 'morganhorse', 0),
(299, 'horseforracing', 'horseforracing', 0),
(300, 'Pets', 'pets', 0),
(301, 'cats', 'cats', 0),
(302, 'catforsale', 'catforsale', 0),
(303, 'petlovers', 'petlovers', 0),
(304, 'persiancats', 'persiancats', 0),
(305, 'doublecoat', 'doublecoat', 0),
(306, 'ragdolls', 'ragdolls', 0),
(307, 'catslover', 'catslover', 0),
(308, 'fullytrainedcats', 'fullytrainedcats', 0),
(309, 'adultcats', 'adultcats', 0),
(310, 'whitecats', 'whitecats', 0),
(311, 'Teslamotors', 'teslamotors', 0),
(312, 'teslaforsale', 'teslaforsale', 0),
(313, 'teslaroadster', 'teslaroadster', 0),
(314, 'autodrivencars', 'autodrivencars', 0),
(315, 'modelx', 'modelx', 0),
(316, 'blueandgoldmacaw', 'blueandgoldmacaw', 0),
(317, 'macawsofig', 'macawsofig', 0),
(318, 'macaw', 'macaw', 0),
(319, 'femalemacaw', 'femalemacaw', 0),
(320, 'birdslife', 'birdslife', 0),
(321, 'parrotaddicts', 'parrotaddicts', 0),
(322, 'Villa', 'villa', 0),
(323, 'Luxury', 'luxury', 0),
(324, 'design', 'design', 0),
(325, 'architecture', 'architecture', 0),
(326, 'house', 'house', 0),
(327, 'furnishedhomes', 'furnishedhomes', 0),
(328, 'Motorbike', 'motorbike', 0),
(329, 'bikesride', 'bikesride', 0),
(330, 'Suzukibikes', 'suzukibikes', 0),
(331, 'bikelovers', 'bikelovers', 0),
(332, 'motocycles', 'motocycles', 0),
(333, 'bikers', 'bikers', 0),
(334, 'cleaningservice', 'cleaningservice', 0),
(335, 'cleaning', 'cleaning', 0),
(336, 'cleaninghacks', 'cleaninghacks', 0),
(337, 'housecleaning', 'housecleaning', 0),
(338, 'cleanhouse', 'cleanhouse', 0),
(339, 'cleaningserviceprovider', 'cleaningserviceprovider', 0),
(340, 'officecleaningservice', 'officecleaningservice', 0),
(341, 'Bluetang', 'bluetang', 0),
(342, 'Aquraium', 'aquraium', 0),
(343, 'Reeftank', 'reeftank', 0),
(344, 'fish', 'fish', 0),
(345, 'saltwateraquarium', 'saltwateraquarium', 0),
(346, 'fussyfish', 'fussyfish', 0),
(347, 'pinkfishes', 'pinkfishes', 0),
(348, 'Samsung', 'samsung', 0),
(349, 'Ultra', 'ultra', 0),
(350, 'Latestsamsungphones', 'latestsamsungphones', 0),
(351, 'smartphone', 'smartphone', 0),
(352, 'ultra 5G', 'ultra-5g', 0),
(353, 'samsungphotography', 'samsungphotography', 0),
(354, 'samsung s21 Ultra', 'samsung-s21-ultra', 0),
(355, 'iPaddrawing', 'ipaddrawing', 0),
(356, 'Procreate', 'procreate', 0),
(357, 'gamingtablet', 'gamingtablet', 0),
(358, 'iPadart', 'ipadart', 0),
(359, 'Applepencil', 'applepencil', 0),
(360, 'iPad Pro', 'ipad-pro', 0),
(361, 'Apple tablets', 'apple-tablets', 0),
(362, 'Apple', 'apple', 0),
(363, 'iphone 13', 'iphone-13', 0),
(364, 'latest release', 'latest-release', 0),
(365, 'iphone 13Pro Max', 'iphone-13pro-max', 0),
(366, 'apple accessories', 'apple-accessories', 0),
(367, 'applestore', 'applestore', 0),
(368, 'Nautique', 'nautique', 0),
(369, 'Wavesurf', 'wavesurf', 0),
(370, 'airboat', 'airboat', 0),
(371, 'wakeboat', 'wakeboat', 0),
(372, 'boatlife', 'boatlife', 0),
(373, 'wakeboarding', 'wakeboarding', 0),
(374, 'surfing', 'surfing', 0),
(375, 'boating', 'boating', 0),
(376, 'Painting', 'painting', 0),
(377, 'Art', 'art', 0),
(378, 'artists', 'artists', 0),
(379, 'oil painting', 'oil-painting', 0),
(380, 'acrylics', 'acrylics', 0),
(381, 'deep art', 'deep-art', 0),
(382, 'creativity', 'creativity', 0),
(383, 'creative painting', 'creative-painting', 0),
(384, 'contemporaryart', 'contemporaryart', 0),
(385, 'art gallery', 'art-gallery', 0),
(386, 'rottweiler', 'rottweiler', 0),
(387, 'dog', 'dog', 0),
(388, 'guarddog', 'guarddog', 0),
(389, 'rottielove', 'rottielove', 0),
(390, 'puppylove', 'puppylove', 0),
(391, 'rottweilerpuppies', 'rottweilerpuppies', 0),
(392, 'rotties', 'rotties', 0),
(393, 'ottweilerbreed', 'ottweilerbreed', 0),
(394, 'rottweilerland', 'rottweilerland', 0),
(395, 'controllergang', 'controllergang', 0),
(396, 'customcontroller', 'customcontroller', 0),
(397, 'moddedcontroller', 'moddedcontroller', 0),
(398, 'gamingroom', 'gamingroom', 0),
(399, 'gaminglife', 'gaminglife', 0),
(400, 'controllers', 'controllers', 0),
(401, 'gamingsetup', 'gamingsetup', 0),
(402, 'yacht', 'yacht', 0),
(403, 'beachlife', 'beachlife', 0),
(404, 'nature', 'nature', 0),
(405, 'sailing', 'sailing', 0),
(406, 'fishing', 'fishing', 0),
(407, 'Breederdog', 'breederdog', 0),
(408, 'guard dog', 'guard-dog', 0),
(414, 'food', 'food', 0),
(415, 'classified', 'classified', 0),
(416, 'Promotion', 'promotion', 0),
(417, 'Sell and Buy', 'sell-and-buy', 0),
(418, 'technology', 'technology', 0),
(419, 'data analysis', 'data-analysis', 0),
(420, 'marketing', 'marketing', 0),
(421, 'ecommerce', 'ecommerce', 0),
(422, 'bitcoin trading', 'bitcoin-trading', 0),
(423, 'Business deal', 'business-deal', 0),
(424, 'marketing strategies', 'marketing-strategies', 0),
(425, 'healthy food', 'healthy-food', 0),
(426, 'food bloging', 'food-bloging', 0),
(427, 'advertisements', 'advertisements', 0),
(428, 'online marketing', 'online-marketing', 0),
(429, 'business strategies', 'business-strategies', 0),
(430, 'New Tech', 'new-tech', 0),
(431, 'Electronic Products', 'electronic-products', 0),
(432, 'Footer Menu', 'footer-menu', 0),
(433, 'Main menu', 'main-menu', 0),
(435, 'Vendor Menu', 'vendor-menu', 0),
(436, 'Min Price', 'min-price', 0),
(437, 'Max Price', 'max-price', 0),
(438, 'Top rated vendor', 'top-rated-vendor', 0),
(449, 'Furniture', 'furniture', 0),
(451, 'Beds', 'beds', 0),
(452, 'Full Bed', 'full-bed', 0),
(453, 'King Bed', 'king-bed', 0),
(454, 'Others', 'others', 0),
(455, 'Queen Bed', 'queen-bed', 0),
(456, 'Twin Bed', 'twin-bed', 0),
(457, 'Chair', 'chair', 0),
(458, 'Curtains', 'curtains', 0),
(459, 'Home Decor', 'home-decor', 0),
(460, 'Kitchen', 'kitchen', 0),
(461, 'CupBoard', 'cupboard', 0),
(462, 'Knobs', 'knobs', 0),
(463, 'Sinks and Taps', 'sinks-and-taps', 0),
(464, 'Lightning', 'lightning', 0),
(465, 'Mirrors', 'mirrors', 0),
(466, 'Office Furniture', 'office-furniture', 0),
(467, 'Sofa', 'sofa', 0),
(468, 'Recliner Sofa', 'chaise-lounge', 0),
(469, 'Storage', 'sitting-couch', 0),
(470, 'Chest Dresser', 'chest-dresser', 0),
(471, 'Table', 'table', 0),
(472, 'Dining Table', 'dining-table', 0),
(473, 'Square end Table', 'square-end-table', 0),
(474, 'table', 'table', 0),
(475, 'home', 'home', 0),
(476, 'bed', 'bed', 0),
(477, 'queen', 'queen', 0),
(478, 'king_size', 'king_size', 0),
(479, 'sofa', 'sofa', 0),
(480, 'office', 'office', 0),
(481, 'tabels', 'tabels', 0),
(482, 'chairs', 'chairs', 0),
(483, 'curtains', 'curtains', 0),
(484, 'window', 'window', 0),
(485, 'clock', 'clock', 0);

--
-- Dumping data for table `wp_term_relationships`
--

INSERT INTO `wp_term_relationships` (`object_id`, `term_taxonomy_id`, `term_order`) VALUES
(37, 15, 0),
(37, 16, 0),
(38, 15, 0),
(38, 16, 0),
(39, 15, 0),
(39, 16, 0),
(425, 1, 0),
(425, 414, 0),
(425, 415, 0),
(425, 416, 0),
(425, 417, 0),
(429, 1, 0),
(429, 418, 0),
(429, 419, 0),
(429, 420, 0),
(435, 1, 0),
(435, 418, 0),
(435, 421, 0),
(435, 422, 0),
(440, 1, 0),
(440, 420, 0),
(440, 423, 0),
(440, 424, 0),
(445, 1, 0),
(457, 1, 0),
(457, 414, 0),
(457, 425, 0),
(457, 426, 0),
(461, 1, 0),
(461, 420, 0),
(461, 421, 0),
(461, 427, 0),
(461, 428, 0),
(461, 429, 0),
(465, 1, 0),
(465, 430, 0),
(465, 431, 0),
(536, 432, 0),
(537, 432, 0),
(538, 432, 0),
(539, 432, 0),
(914, 433, 0),
(915, 433, 0),
(916, 433, 0),
(917, 433, 0),
(930, 433, 0),
(931, 433, 0),
(932, 433, 0),
(933, 433, 0),
(934, 433, 0),
(935, 433, 0),
(936, 433, 0),
(937, 433, 0),
(938, 433, 0),
(939, 433, 0),
(940, 433, 0),
(941, 433, 0),
(942, 433, 0),
(943, 433, 0),
(944, 433, 0),
(945, 433, 0),
(946, 433, 0),
(947, 433, 0),
(948, 433, 0),
(949, 433, 0),
(950, 433, 0),
(951, 433, 0),
(952, 433, 0),
(953, 433, 0),
(954, 433, 0),
(955, 433, 0),
(1223, 435, 0),
(1224, 435, 0),
(1225, 435, 0),
(1226, 435, 0),
(1227, 435, 0),
(1277, 2, 0),
(1277, 15, 0),
(1461, 2, 0),
(1461, 449, 0),
(1471, 2, 0),
(1471, 15, 0),
(1472, 2, 0),
(1472, 15, 0),
(1473, 2, 0),
(1473, 15, 0),
(1474, 2, 0),
(1474, 15, 0),
(1475, 2, 0),
(1475, 15, 0),
(1476, 2, 0),
(1476, 15, 0),
(1477, 2, 0),
(1477, 15, 0),
(1477, 449, 0),
(1538, 2, 0),
(1538, 449, 0),
(1539, 2, 0),
(1539, 449, 0),
(1540, 2, 0),
(1540, 449, 0),
(1541, 2, 0),
(1541, 449, 0),
(1542, 2, 0),
(1542, 449, 0),
(1543, 2, 0),
(1543, 449, 0),
(1544, 2, 0),
(1544, 449, 0),
(1557, 2, 0),
(1557, 15, 0),
(1557, 449, 0),
(1558, 2, 0),
(1558, 15, 0),
(1558, 449, 0),
(1559, 2, 0),
(1559, 12, 0),
(1559, 15, 0),
(1559, 449, 0),
(1560, 2, 0),
(1560, 15, 0),
(1560, 449, 0),
(1561, 2, 0),
(1561, 15, 0),
(1561, 449, 0),
(1572, 255, 0),
(1572, 262, 0),
(1572, 267, 0),
(1572, 268, 0),
(1572, 459, 0),
(1581, 256, 0),
(1581, 262, 0),
(1581, 267, 0),
(1581, 268, 0),
(1581, 471, 0),
(1581, 473, 0),
(1581, 474, 0),
(1581, 475, 0),
(1589, 433, 0),
(1590, 433, 0),
(1591, 433, 0),
(1592, 433, 0),
(1593, 433, 0),
(1594, 433, 0),
(1595, 433, 0),
(1596, 433, 0),
(1597, 433, 0),
(1598, 433, 0),
(1599, 433, 0),
(1600, 433, 0),
(1601, 433, 0),
(1602, 433, 0),
(1603, 433, 0),
(1604, 257, 0),
(1604, 262, 0),
(1604, 267, 0),
(1604, 268, 0),
(1604, 451, 0),
(1604, 455, 0),
(1604, 476, 0),
(1604, 477, 0),
(1612, 258, 0),
(1612, 262, 0),
(1612, 267, 0),
(1612, 268, 0),
(1612, 451, 0),
(1612, 453, 0),
(1612, 476, 0),
(1612, 478, 0),
(1621, 255, 0),
(1621, 262, 0),
(1621, 267, 0),
(1621, 268, 0),
(1621, 467, 0),
(1621, 468, 0),
(1621, 479, 0),
(1628, 255, 0),
(1628, 262, 0),
(1628, 267, 0),
(1628, 268, 0),
(1628, 466, 0),
(1628, 480, 0),
(1628, 481, 0),
(1628, 482, 0),
(1636, 257, 0),
(1636, 262, 0),
(1636, 267, 0),
(1636, 268, 0),
(1636, 458, 0),
(1636, 483, 0),
(1636, 484, 0),
(1646, 257, 0),
(1646, 262, 0),
(1646, 267, 0),
(1646, 268, 0),
(1646, 459, 0),
(1646, 485, 0),
(1667, 433, 0);

--
-- Dumping data for table `wp_term_taxonomy`
--

INSERT INTO `wp_term_taxonomy` (`term_taxonomy_id`, `term_id`, `taxonomy`, `description`, `parent`, `count`) VALUES
(1, 1, 'category', '', 0, 3),
(2, 2, 'product_type', '', 0, 12),
(3, 3, 'product_type', '', 0, 0),
(4, 4, 'product_type', '', 0, 0),
(5, 5, 'product_type', '', 0, 0),
(6, 6, 'product_visibility', '', 0, 0),
(7, 7, 'product_visibility', '', 0, 0),
(8, 8, 'product_visibility', '', 0, 0),
(9, 9, 'product_visibility', '', 0, 0),
(10, 10, 'product_visibility', '', 0, 0),
(11, 11, 'product_visibility', '', 0, 0),
(12, 12, 'product_visibility', '', 0, 1),
(13, 13, 'product_visibility', '', 0, 0),
(14, 14, 'product_visibility', '', 0, 0),
(15, 15, 'product_cat', '', 0, 6),
(16, 16, 'product_type', '', 0, 0),
(211, 211, 'ad_country', '', 0, 0),
(212, 212, 'ad_country', '', 211, 0),
(213, 213, 'ad_country', '', 0, 0),
(214, 214, 'ad_country', '', 213, 0),
(215, 215, 'ad_country', '', 213, 0),
(216, 216, 'ad_country', '', 213, 0),
(217, 217, 'ad_country', '', 0, 0),
(218, 218, 'ad_country', '', 217, 0),
(219, 219, 'ad_country', '', 217, 0),
(220, 220, 'ad_country', '', 217, 0),
(221, 221, 'ad_country', '', 0, 0),
(222, 222, 'ad_country', '', 221, 0),
(223, 223, 'ad_country', '', 221, 0),
(224, 224, 'ad_country', '', 221, 0),
(225, 225, 'ad_country', '', 221, 0),
(226, 226, 'ad_country', '', 222, 0),
(227, 227, 'ad_country', '', 222, 0),
(228, 228, 'ad_country', '', 222, 0),
(229, 229, 'ad_country', '', 226, 0),
(230, 230, 'ad_country', '', 226, 0),
(231, 231, 'ad_country', '', 211, 0),
(232, 232, 'ad_country', '', 231, 0),
(233, 233, 'ad_country', '', 231, 0),
(234, 234, 'ad_country', '', 212, 0),
(235, 235, 'ad_country', '', 212, 0),
(236, 236, 'ad_country', '', 213, 0),
(237, 237, 'ad_country', '', 0, 0),
(238, 238, 'ad_country', '', 237, 0),
(239, 239, 'ad_country', '', 237, 0),
(240, 240, 'ad_country', '', 237, 0),
(241, 241, 'ad_country', '', 237, 0),
(242, 242, 'ad_country', '', 239, 0),
(243, 243, 'ad_country', '', 239, 0),
(244, 244, 'ad_country', '', 241, 0),
(245, 245, 'ad_country', '', 0, 0),
(246, 246, 'ad_country', '', 245, 0),
(247, 247, 'ad_country', '', 246, 0),
(248, 248, 'ad_country', '', 247, 0),
(249, 249, 'ad_country', '', 0, 0),
(250, 250, 'ad_country', '', 249, 0),
(251, 251, 'ad_country', '', 249, 0),
(252, 252, 'ad_country', '', 249, 0),
(255, 255, 'ad_currency', '', 0, 3),
(256, 256, 'ad_currency', '', 0, 1),
(257, 257, 'ad_currency', '', 0, 3),
(258, 258, 'ad_currency', '', 0, 1),
(259, 259, 'ad_currency', '', 0, 0),
(260, 260, 'ad_currency', '', 0, 0),
(261, 261, 'ad_currency', '', 0, 0),
(262, 262, 'ad_condition', '', 0, 8),
(263, 263, 'ad_condition', '', 0, 0),
(264, 264, 'ad_type', '', 0, 0),
(265, 265, 'ad_type', '', 0, 0),
(266, 266, 'ad_type', '', 0, 0),
(267, 267, 'ad_type', '', 0, 8),
(268, 268, 'ad_warranty', '', 0, 8),
(269, 269, 'ad_warranty', '', 0, 0),
(270, 270, 'ad_tags', '', 0, 0),
(271, 271, 'ad_tags', '', 0, 0),
(272, 272, 'ad_tags', '', 0, 0),
(279, 279, 'ad_tags', '', 0, 0),
(280, 280, 'ad_tags', '', 0, 0),
(281, 281, 'ad_tags', '', 0, 0),
(282, 282, 'ad_tags', '', 0, 0),
(283, 283, 'ad_tags', '', 0, 0),
(284, 284, 'ad_tags', '', 0, 0),
(285, 285, 'ad_tags', '', 0, 0),
(286, 286, 'ad_tags', '', 0, 0),
(287, 287, 'ad_tags', '', 0, 0),
(288, 288, 'ad_tags', '', 0, 0),
(289, 289, 'ad_tags', '', 0, 0),
(290, 290, 'ad_tags', '', 0, 0),
(291, 291, 'ad_tags', '', 0, 0),
(292, 292, 'ad_tags', '', 0, 0),
(293, 293, 'ad_tags', '', 0, 0),
(294, 294, 'ad_tags', '', 0, 0),
(295, 295, 'ad_tags', '', 0, 0),
(296, 296, 'ad_tags', '', 0, 0),
(297, 297, 'ad_tags', '', 0, 0),
(298, 298, 'ad_tags', '', 0, 0),
(299, 299, 'ad_tags', '', 0, 0),
(300, 300, 'ad_tags', '', 0, 0),
(301, 301, 'ad_tags', '', 0, 0),
(302, 302, 'ad_tags', '', 0, 0),
(303, 303, 'ad_tags', '', 0, 0),
(304, 304, 'ad_tags', '', 0, 0),
(305, 305, 'ad_tags', '', 0, 0),
(306, 306, 'ad_tags', '', 0, 0),
(307, 307, 'ad_tags', '', 0, 0),
(308, 308, 'ad_tags', '', 0, 0),
(309, 309, 'ad_tags', '', 0, 0),
(310, 310, 'ad_tags', '', 0, 0),
(311, 311, 'ad_tags', '', 0, 0),
(312, 312, 'ad_tags', '', 0, 0),
(313, 313, 'ad_tags', '', 0, 0),
(314, 314, 'ad_tags', '', 0, 0),
(315, 315, 'ad_tags', '', 0, 0),
(316, 316, 'ad_tags', '', 0, 0),
(317, 317, 'ad_tags', '', 0, 0),
(318, 318, 'ad_tags', '', 0, 0),
(319, 319, 'ad_tags', '', 0, 0),
(320, 320, 'ad_tags', '', 0, 0),
(321, 321, 'ad_tags', '', 0, 0),
(322, 322, 'ad_tags', '', 0, 0),
(323, 323, 'ad_tags', '', 0, 0),
(324, 324, 'ad_tags', '', 0, 0),
(325, 325, 'ad_tags', '', 0, 0),
(326, 326, 'ad_tags', '', 0, 0),
(327, 327, 'ad_tags', '', 0, 0),
(328, 328, 'ad_tags', '', 0, 0),
(329, 329, 'ad_tags', '', 0, 0),
(330, 330, 'ad_tags', '', 0, 0),
(331, 331, 'ad_tags', '', 0, 0),
(332, 332, 'ad_tags', '', 0, 0),
(333, 333, 'ad_tags', '', 0, 0),
(334, 334, 'ad_tags', '', 0, 0),
(335, 335, 'ad_tags', '', 0, 0),
(336, 336, 'ad_tags', '', 0, 0),
(337, 337, 'ad_tags', '', 0, 0),
(338, 338, 'ad_tags', '', 0, 0),
(339, 339, 'ad_tags', '', 0, 0),
(340, 340, 'ad_tags', '', 0, 0),
(341, 341, 'ad_tags', '', 0, 0),
(342, 342, 'ad_tags', '', 0, 0),
(343, 343, 'ad_tags', '', 0, 0),
(344, 344, 'ad_tags', '', 0, 0),
(345, 345, 'ad_tags', '', 0, 0),
(346, 346, 'ad_tags', '', 0, 0),
(347, 347, 'ad_tags', '', 0, 0),
(348, 348, 'ad_tags', '', 0, 0),
(349, 349, 'ad_tags', '', 0, 0),
(350, 350, 'ad_tags', '', 0, 0),
(351, 351, 'ad_tags', '', 0, 0),
(352, 352, 'ad_tags', '', 0, 0),
(353, 353, 'ad_tags', '', 0, 0),
(354, 354, 'ad_tags', '', 0, 0),
(355, 355, 'ad_tags', '', 0, 0),
(356, 356, 'ad_tags', '', 0, 0),
(357, 357, 'ad_tags', '', 0, 0),
(358, 358, 'ad_tags', '', 0, 0),
(359, 359, 'ad_tags', '', 0, 0),
(360, 360, 'ad_tags', '', 0, 0),
(361, 361, 'ad_tags', '', 0, 0),
(362, 362, 'ad_tags', '', 0, 0),
(363, 363, 'ad_tags', '', 0, 0),
(364, 364, 'ad_tags', '', 0, 0),
(365, 365, 'ad_tags', '', 0, 0),
(366, 366, 'ad_tags', '', 0, 0),
(367, 367, 'ad_tags', '', 0, 0),
(368, 368, 'ad_tags', '', 0, 0),
(369, 369, 'ad_tags', '', 0, 0),
(370, 370, 'ad_tags', '', 0, 0),
(371, 371, 'ad_tags', '', 0, 0),
(372, 372, 'ad_tags', '', 0, 0),
(373, 373, 'ad_tags', '', 0, 0),
(374, 374, 'ad_tags', '', 0, 0),
(375, 375, 'ad_tags', '', 0, 0),
(376, 376, 'ad_tags', '', 0, 0),
(377, 377, 'ad_tags', '', 0, 0),
(378, 378, 'ad_tags', '', 0, 0),
(379, 379, 'ad_tags', '', 0, 0),
(380, 380, 'ad_tags', '', 0, 0),
(381, 381, 'ad_tags', '', 0, 0),
(382, 382, 'ad_tags', '', 0, 0),
(383, 383, 'ad_tags', '', 0, 0),
(384, 384, 'ad_tags', '', 0, 0),
(385, 385, 'ad_tags', '', 0, 0),
(386, 386, 'ad_tags', '', 0, 0),
(387, 387, 'ad_tags', '', 0, 0),
(388, 388, 'ad_tags', '', 0, 0),
(389, 389, 'ad_tags', '', 0, 0),
(390, 390, 'ad_tags', '', 0, 0),
(391, 391, 'ad_tags', '', 0, 0),
(392, 392, 'ad_tags', '', 0, 0),
(393, 393, 'ad_tags', '', 0, 0),
(394, 394, 'ad_tags', '', 0, 0),
(395, 395, 'ad_tags', '', 0, 0),
(396, 396, 'ad_tags', '', 0, 0),
(397, 397, 'ad_tags', '', 0, 0),
(398, 398, 'ad_tags', '', 0, 0),
(399, 399, 'ad_tags', '', 0, 0),
(400, 400, 'ad_tags', '', 0, 0),
(401, 401, 'ad_tags', '', 0, 0),
(402, 402, 'ad_tags', '', 0, 0),
(403, 403, 'ad_tags', '', 0, 0),
(404, 404, 'ad_tags', '', 0, 0),
(405, 405, 'ad_tags', '', 0, 0),
(406, 406, 'ad_tags', '', 0, 0),
(407, 407, 'ad_tags', '', 0, 0),
(408, 408, 'ad_tags', '', 0, 0),
(414, 414, 'post_tag', '', 0, 1),
(415, 415, 'post_tag', '', 0, 0),
(416, 416, 'post_tag', '', 0, 0),
(417, 417, 'post_tag', '', 0, 0),
(418, 418, 'post_tag', '', 0, 0),
(419, 419, 'post_tag', '', 0, 0),
(420, 420, 'post_tag', '', 0, 1),
(421, 421, 'post_tag', '', 0, 1),
(422, 422, 'post_tag', '', 0, 0),
(423, 423, 'post_tag', '', 0, 0),
(424, 424, 'post_tag', '', 0, 0),
(425, 425, 'post_tag', '', 0, 1),
(426, 426, 'post_tag', '', 0, 1),
(427, 427, 'post_tag', '', 0, 1),
(428, 428, 'post_tag', '', 0, 1),
(429, 429, 'post_tag', '', 0, 1),
(430, 430, 'post_tag', '', 0, 1),
(431, 431, 'post_tag', '', 0, 1),
(432, 432, 'nav_menu', '', 0, 4),
(433, 433, 'nav_menu', '', 0, 46),
(435, 435, 'nav_menu', '', 0, 5),
(436, 436, 'wcmp_spmv', 'Used for minimum price products under all single product multi vendor concept.', 0, 0),
(437, 437, 'wcmp_spmv', 'Used for maximum price products under all single product multi vendor concept.', 0, 0),
(438, 438, 'wcmp_spmv', 'Used for top rated vendor products under all single product multi vendor concept.', 0, 0),
(449, 449, 'product_cat', '', 0, 12),
(451, 451, 'ad_cats', '', 0, 2),
(452, 452, 'ad_cats', '', 451, 0),
(453, 453, 'ad_cats', '', 451, 1),
(454, 454, 'ad_cats', '', 451, 0),
(455, 455, 'ad_cats', '', 451, 1),
(456, 456, 'ad_cats', '', 451, 0),
(457, 457, 'ad_cats', '', 0, 0),
(458, 458, 'ad_cats', '', 0, 1),
(459, 459, 'ad_cats', '', 0, 2),
(460, 460, 'ad_cats', '', 0, 0),
(461, 461, 'ad_cats', '', 0, 0),
(462, 462, 'ad_cats', '', 0, 0),
(463, 463, 'ad_cats', '', 0, 0),
(464, 464, 'ad_cats', '', 0, 0),
(465, 465, 'ad_cats', '', 0, 0),
(466, 466, 'ad_cats', '', 0, 1),
(467, 467, 'ad_cats', '', 0, 1),
(468, 468, 'ad_cats', '', 467, 1),
(469, 469, 'ad_cats', '', 0, 0),
(470, 470, 'ad_cats', '', 469, 0),
(471, 471, 'ad_cats', '', 0, 1),
(472, 472, 'ad_cats', '', 0, 0),
(473, 473, 'ad_cats', '', 471, 1),
(474, 474, 'ad_tags', '', 0, 1),
(475, 475, 'ad_tags', '', 0, 1),
(476, 476, 'ad_tags', '', 0, 2),
(477, 477, 'ad_tags', '', 0, 1),
(478, 478, 'ad_tags', '', 0, 1),
(479, 479, 'ad_tags', '', 0, 1),
(480, 480, 'ad_tags', '', 0, 1),
(481, 481, 'ad_tags', '', 0, 1),
(482, 482, 'ad_tags', '', 0, 1),
(483, 483, 'ad_tags', '', 0, 1),
(484, 484, 'ad_tags', '', 0, 1),
(485, 485, 'ad_tags', '', 0, 1);