-- phpMyAdmin SQL Dump
-- version 5.2.0
-- https://www.phpmyadmin.net/
--
-- Host: localhost:3306
INSERT INTO `wp_termmeta` (`meta_id`, `term_id`, `meta_key`, `meta_value`) VALUES
(1, 21, 'adforest_make_bid_cat_base', 'no'),
(2, 21, 'adforest_make_cat_paid', 'no'),
(3, 22, 'adforest_make_bid_cat_base', 'no'),
(4, 22, 'adforest_make_cat_paid', 'no'),
(5, 23, 'adforest_make_bid_cat_base', 'no'),
(6, 23, 'adforest_make_cat_paid', 'no'),
(7, 24, 'adforest_make_bid_cat_base', 'no'),
(8, 24, 'adforest_make_cat_paid', 'no'),
(9, 25, 'adforest_make_bid_cat_base', 'no'),
(10, 25, 'adforest_make_cat_paid', 'no'),
(11, 26, 'adforest_make_bid_cat_base', 'no'),
(12, 26, 'adforest_make_cat_paid', 'no'),
(13, 27, 'adforest_make_bid_cat_base', 'no'),
(14, 27, 'adforest_make_cat_paid', 'no'),
(15, 28, 'adforest_make_bid_cat_base', 'no'),
(16, 28, 'adforest_make_cat_paid', 'no'),
(17, 29, 'adforest_make_bid_cat_base', 'no'),
(18, 29, 'adforest_make_cat_paid', 'no'),
(19, 30, 'adforest_make_bid_cat_base', 'no'),
(20, 30, 'adforest_make_cat_paid', 'no'),
(21, 31, 'adforest_make_bid_cat_base', 'no'),
(22, 31, 'adforest_make_cat_paid', 'no'),
(23, 32, 'adforest_make_bid_cat_base', 'no'),
(24, 32, 'adforest_make_cat_paid', 'no'),
(25, 33, 'adforest_make_bid_cat_base', 'no'),
(26, 33, 'adforest_make_cat_paid', 'no'),
(27, 34, 'adforest_make_bid_cat_base', 'no'),
(28, 34, 'adforest_make_cat_paid', 'no'),
(29, 35, 'adforest_make_bid_cat_base', 'no'),
(30, 35, 'adforest_make_cat_paid', 'no'),
(31, 36, 'adforest_make_bid_cat_base', 'no'),
(32, 36, 'adforest_make_cat_paid', 'no'),
(33, 37, 'adforest_make_bid_cat_base', 'no'),
(34, 37, 'adforest_make_cat_paid', 'no'),
(35, 111, '_sb_dynamic_form_fields', 'eyJhY3Rpb24iOiJlZGl0ZWR0YWciLCJ0YWdfSUQiOiIxMTEiLCJ0YXhvbm9teSI6InNiX2R5bmFtaWNfZm9ybV90ZW1wbGF0ZXMiLCJfd3Bfb3JpZ2luYWxfaHR0cF9yZWZlcmVyIjoiaHR0cHM6XC9cL2FkZm9yZXN0LWRpcmVjdG9yeS5zY3JpcHRzYnVuZGxlLmNvbVwvd3AtYWRtaW5cL2VkaXQtdGFncy5waHA/dGF4b25vbXk9c2JfZHluYW1pY19mb3JtX3RlbXBsYXRlcyZwb3N0X3R5cGU9YWRfcG9zdCIsIl93cG5vbmNlIjoiZTk1ZjgyZDY2NSIsIl93cF9odHRwX3JlZmVyZXIiOiJcL3dwLWFkbWluXC90ZXJtLnBocD90YXhvbm9teT1zYl9keW5hbWljX2Zvcm1fdGVtcGxhdGVzJnRhZ19JRD0xMTEmcG9zdF90eXBlPWFkX3Bvc3Qmd3BfaHR0cF9yZWZlcmVyPSUyRndwLWFkbWluJTJGZWRpdC10YWdzLnBocCUzRnRheG9ub215JTNEc2JfZHluYW1pY19mb3JtX3RlbXBsYXRlcyUyNnBvc3RfdHlwZSUzRGFkX3Bvc3QiLCJuYW1lIjoiRGF5IFNQQSIsInNsdWciOiJkYXktc3BhIiwiZGVzY3JpcHRpb24iOiIiLCJfc2JfZGVmYXVsdF9jYXRfcHJpY2Vfc2hvdyI6IjEiLCJfc2JfZGVmYXVsdF9jYXRfcHJpY2VfcmVxdWlyZWQiOiIxIiwiX3NiX2RlZmF1bHRfY2F0X3ByaWNlX3R5cGVfc2hvdyI6IjEiLCJfc2JfZGVmYXVsdF9jYXRfcHJpY2VfdHlwZV9yZXF1aXJlZCI6IjEiLCJfc2JfZGVmYXVsdF9jYXRfdmlkZW9fc2hvdyI6IjEiLCJfc2JfZGVmYXVsdF9jYXRfdmlkZW9fcmVxdWlyZWQiOiIxIiwiX3NiX2RlZmF1bHRfY2F0X3RhZ3Nfc2hvdyI6IjEiLCJfc2JfZGVmYXVsdF9jYXRfdGFnc19yZXF1aXJlZCI6IjEiLCJfc2JfZGVmYXVsdF9jYXRfaW1hZ2Vfc2hvdyI6IjEiLCJfc2JfZGVmYXVsdF9jYXRfaW1hZ2VfcmVxdWlyZWQiOiIxIiwiX3NiX2RlZmF1bHRfY2F0X2NvbmRpdGlvbl9zaG93IjoiMCIsIl9zYl9kZWZhdWx0X2NhdF9jb25kaXRpb25fcmVxdWlyZWQiOiIxIiwiX3NiX2RlZmF1bHRfY2F0X3dhcnJhbnR5X3Nob3ciOiIwIiwiX3NiX2RlZmF1bHRfY2F0X3dhcnJhbnR5X3JlcXVpcmVkIjoiMSIsIl9zYl9kZWZhdWx0X2NhdF9hZF90eXBlX3Nob3ciOiIwIiwiX3NiX2RlZmF1bHRfY2F0X2FkX3R5cGVfcmVxdWlyZWQiOiIxIiwiX3NiX2R5bmFtaWNfZm9ybV90eXBlcyI6WyIzIiwiNSJdLCJfc2JfZHluYW1pY19mb3JtX2luX3NlYXJjaCI6WyJ5ZXMiLCJ5ZXMiXSwiX3NiX2R5bmFtaWNfZm9ybV9jb2x1bW5zIjpbIjMiLCIxMiJdLCJfc2JfZHluYW1pY19mb3JtX3JlcXVpcmVzIjpbIjEiLCIwIl0sIl9zYl9keW5hbWljX2Zvcm1fc3RhdHVzIjpbIjEiLCIxIl0sIl9zYl9keW5hbWljX2Zvcm1fdGl0bGVzIjpbIk1hc3NhZ2UgVHlwZSIsIkVudGVyIHlvdXIgV2Vic2l0ZSBVUkwiXSwiX3NiX2R5bmFtaWNfZm9ybV9zbHVncyI6WyJtYXNzYWdlX3R5ZXBlIiwiZW50ZXJfeW91cl93ZWJzaXRlX3VybCJdLCJfc2JfZHluYW1pY19mb3JtX3ZhbHVlcyI6WyJCb2R5IFRyZWF0bWVudHN8IEVuZXJneSBUaGVyYXBpZXN8IEh5ZHJvdGhlcmFweSBUcmVhdG1lbnRzfCBNYWtldXAgJiBXYXhpbmcgTWFzc2FnZXwgVGhlcmFwaWVzIE5haWwgVHJlYXRtZW50cyIsIiJdfQ=='),
(36, 28, '_sb_category_template', '111'),
(37, 112, '_sb_dynamic_form_fields', 'eyJhY3Rpb24iOiJlZGl0ZWR0YWciLCJ0YWdfSUQiOiIxMTIiLCJ0YXhvbm9teSI6InNiX2R5bmFtaWNfZm9ybV90ZW1wbGF0ZXMiLCJfd3Bfb3JpZ2luYWxfaHR0cF9yZWZlcmVyIjoiaHR0cHM6XC9cL2FkZm9yZXN0LWRpcmVjdG9yeS5zY3JpcHRzYnVuZGxlLmNvbVwvd3AtYWRtaW5cL2VkaXQtdGFncy5waHA/dGF4b25vbXk9c2JfZHluYW1pY19mb3JtX3RlbXBsYXRlcyZwb3N0X3R5cGU9YWRfcG9zdCIsIl93cG5vbmNlIjoiNTI3YmU3NjFlMiIsIl93cF9odHRwX3JlZmVyZXIiOiJcL3dwLWFkbWluXC90ZXJtLnBocD90YXhvbm9teT1zYl9keW5hbWljX2Zvcm1fdGVtcGxhdGVzJnRhZ19JRD0xMTImcG9zdF90eXBlPWFkX3Bvc3Qmd3BfaHR0cF9yZWZlcmVyPSUyRndwLWFkbWluJTJGZWRpdC10YWdzLnBocCUzRnRheG9ub215JTNEc2JfZHluYW1pY19mb3JtX3RlbXBsYXRlcyUyNnBvc3RfdHlwZSUzRGFkX3Bvc3QiLCJuYW1lIjoiTmFpbHMgc2Fsb24iLCJzbHVnIjoibmFpbC1zb2xvbiIsImRlc2NyaXB0aW9uIjoiIiwiX3NiX2RlZmF1bHRfY2F0X3ByaWNlX3Nob3ciOiIxIiwiX3NiX2RlZmF1bHRfY2F0X3ByaWNlX3JlcXVpcmVkIjoiMSIsIl9zYl9kZWZhdWx0X2NhdF9wcmljZV90eXBlX3Nob3ciOiIxIiwiX3NiX2RlZmF1bHRfY2F0X3ByaWNlX3R5cGVfcmVxdWlyZWQiOiIxIiwiX3NiX2RlZmF1bHRfY2F0X3ZpZGVvX3Nob3ciOiIxIiwiX3NiX2RlZmF1bHRfY2F0X3ZpZGVvX3JlcXVpcmVkIjoiMSIsIl9zYl9kZWZhdWx0X2NhdF90YWdzX3Nob3ciOiIxIiwiX3NiX2RlZmF1bHRfY2F0X3RhZ3NfcmVxdWlyZWQiOiIxIiwiX3NiX2RlZmF1bHRfY2F0X2ltYWdlX3Nob3ciOiIxIiwiX3NiX2RlZmF1bHRfY2F0X2ltYWdlX3JlcXVpcmVkIjoiMSIsIl9zYl9kZWZhdWx0X2NhdF9jb25kaXRpb25fc2hvdyI6IjAiLCJfc2JfZGVmYXVsdF9jYXRfY29uZGl0aW9uX3JlcXVpcmVkIjoiMSIsIl9zYl9kZWZhdWx0X2NhdF93YXJyYW50eV9zaG93IjoiMCIsIl9zYl9kZWZhdWx0X2NhdF93YXJyYW50eV9yZXF1aXJlZCI6IjEiLCJfc2JfZGVmYXVsdF9jYXRfYWRfdHlwZV9zaG93IjoiMCIsIl9zYl9kZWZhdWx0X2NhdF9hZF90eXBlX3JlcXVpcmVkIjoiMSIsIl9zYl9keW5hbWljX2Zvcm1fdHlwZXMiOlsiMyIsIjkiXSwiX3NiX2R5bmFtaWNfZm9ybV9pbl9zZWFyY2giOlsieWVzIiwieWVzIl0sIl9zYl9keW5hbWljX2Zvcm1fY29sdW1ucyI6WyIzIiwiMyJdLCJfc2JfZHluYW1pY19mb3JtX3JlcXVpcmVzIjpbIjEiLCIxIl0sIl9zYl9keW5hbWljX2Zvcm1fc3RhdHVzIjpbIjEiLCIxIl0sIl9zYl9keW5hbWljX2Zvcm1fdGl0bGVzIjpbIlNlcnZpY2VzIiwiTmFpbHMgU3R5bGVzIFR5cGVzIl0sIl9zYl9keW5hbWljX2Zvcm1fc2x1Z3MiOlsic2VydmljZXMiLCJuYWlsc190eXBlcyJdLCJfc2JfZHluYW1pY19mb3JtX3ZhbHVlcyI6WyJNYW5pY3VyZXN8IFBlZGljdXJlc3wgQWNyeWxpYyBvdmVybGF5cyBhbmQgZXh0ZW5zaW9uc3wgVVYgZ2VsIG92ZXJsYXlzIGFuZCBleHRlbnNpb25zfCBEaXAgcG93ZGVyIG5haWxzfCBTTlMgbmFpbHN8IFNpbGtcL2ZpYnJlZ2xhc3Mgb3ZlcmxheXMgYW5kIGV4dGVuc2lvbnN8IE5haWwgZGVzaWduIiwiQkFTSUMgUE9MSVNIfCBTSEVMTEFDfCBHRUx8IEFDUllMSUN8IFBBUkFGRklOIE1BTklDVVJFIl19'),
(38, 29, '_sb_category_template', '112'),
(39, 113, '_sb_dynamic_form_fields', 'eyJhY3Rpb24iOiJlZGl0ZWR0YWciLCJ0YWdfSUQiOiIxMTMiLCJ0YXhvbm9teSI6InNiX2R5bmFtaWNfZm9ybV90ZW1wbGF0ZXMiLCJfd3Bfb3JpZ2luYWxfaHR0cF9yZWZlcmVyIjoiaHR0cHM6XC9cL2FkZm9yZXN0LWRpcmVjdG9yeS5zY3JpcHRzYnVuZGxlLmNvbVwvd3AtYWRtaW5cL2VkaXQtdGFncy5waHA/dGF4b25vbXk9c2JfZHluYW1pY19mb3JtX3RlbXBsYXRlcyZwb3N0X3R5cGU9YWRfcG9zdCIsIl93cG5vbmNlIjoiOGI2Y2EzZTlhNSIsIl93cF9odHRwX3JlZmVyZXIiOiJcL3dwLWFkbWluXC90ZXJtLnBocD90YXhvbm9teT1zYl9keW5hbWljX2Zvcm1fdGVtcGxhdGVzJnRhZ19JRD0xMTMmcG9zdF90eXBlPWFkX3Bvc3Qmd3BfaHR0cF9yZWZlcmVyPSUyRndwLWFkbWluJTJGZWRpdC10YWdzLnBocCUzRnRheG9ub215JTNEc2JfZHluYW1pY19mb3JtX3RlbXBsYXRlcyUyNnBvc3RfdHlwZSUzRGFkX3Bvc3QiLCJuYW1lIjoiQ2FyIFdhc2ggVHlwZSIsInNsdWciOiJjYXItd2FzaC10eXBlIiwiZGVzY3JpcHRpb24iOiIiLCJfc2JfZGVmYXVsdF9jYXRfcHJpY2Vfc2hvdyI6IjEiLCJfc2JfZGVmYXVsdF9jYXRfcHJpY2VfcmVxdWlyZWQiOiIxIiwiX3NiX2RlZmF1bHRfY2F0X3ByaWNlX3R5cGVfc2hvdyI6IjEiLCJfc2JfZGVmYXVsdF9jYXRfcHJpY2VfdHlwZV9yZXF1aXJlZCI6IjEiLCJfc2JfZGVmYXVsdF9jYXRfdmlkZW9fc2hvdyI6IjEiLCJfc2JfZGVmYXVsdF9jYXRfdmlkZW9fcmVxdWlyZWQiOiIxIiwiX3NiX2RlZmF1bHRfY2F0X3RhZ3Nfc2hvdyI6IjEiLCJfc2JfZGVmYXVsdF9jYXRfdGFnc19yZXF1aXJlZCI6IjEiLCJfc2JfZGVmYXVsdF9jYXRfaW1hZ2Vfc2hvdyI6IjEiLCJfc2JfZGVmYXVsdF9jYXRfaW1hZ2VfcmVxdWlyZWQiOiIxIiwiX3NiX2RlZmF1bHRfY2F0X2NvbmRpdGlvbl9zaG93IjoiMCIsIl9zYl9kZWZhdWx0X2NhdF9jb25kaXRpb25fcmVxdWlyZWQiOiIxIiwiX3NiX2RlZmF1bHRfY2F0X3dhcnJhbnR5X3Nob3ciOiIwIiwiX3NiX2RlZmF1bHRfY2F0X3dhcnJhbnR5X3JlcXVpcmVkIjoiMSIsIl9zYl9kZWZhdWx0X2NhdF9hZF90eXBlX3Nob3ciOiIwIiwiX3NiX2RlZmF1bHRfY2F0X2FkX3R5cGVfcmVxdWlyZWQiOiIxIiwiX3NiX2R5bmFtaWNfZm9ybV90eXBlcyI6WyIzIl0sIl9zYl9keW5hbWljX2Zvcm1faW5fc2VhcmNoIjpbInllcyJdLCJfc2JfZHluYW1pY19mb3JtX2NvbHVtbnMiOlsiMTIiXSwiX3NiX2R5bmFtaWNfZm9ybV9yZXF1aXJlcyI6WyIxIl0sIl9zYl9keW5hbWljX2Zvcm1fc3RhdHVzIjpbIjEiXSwiX3NiX2R5bmFtaWNfZm9ybV90aXRsZXMiOlsiQ2FyIFdhc2ggVHlwZSJdLCJfc2JfZHluYW1pY19mb3JtX3NsdWdzIjpbImNhcl93YXNoX3R5cGUiXSwiX3NiX2R5bmFtaWNfZm9ybV92YWx1ZXMiOlsiRGFzaGJvYXJkIFdpcGUtZG93bnwgRXh0ZXJpb3IgV2FzaHwgSW50ZXJpb3IgVmFjdXVtfCBJbnRlcmlvciBXaW5kb3dzfCBNYXQgQ2xlYW5pbmdcLyBNYXQgU2hhbXBvb3wgVGlyZSBTaW5lfCBXaGVlbCBCcml0ZSJdfQ=='),
(40, 34, '_sb_category_template', '113'),
(41, 114, '_sb_dynamic_form_fields', 'eyJhY3Rpb24iOiJlZGl0ZWR0YWciLCJ0YWdfSUQiOiIxMTQiLCJ0YXhvbm9teSI6InNiX2R5bmFtaWNfZm9ybV90ZW1wbGF0ZXMiLCJfd3Bfb3JpZ2luYWxfaHR0cF9yZWZlcmVyIjoiaHR0cHM6XC9cL2FkZm9yZXN0LWRpcmVjdG9yeS5zY3JpcHRzYnVuZGxlLmNvbVwvd3AtYWRtaW5cL2VkaXQtdGFncy5waHA/dGF4b25vbXk9c2JfZHluYW1pY19mb3JtX3RlbXBsYXRlcyZwb3N0X3R5cGU9YWRfcG9zdCIsIl93cG5vbmNlIjoiMmQwN2ExMjA5OSIsIl93cF9odHRwX3JlZmVyZXIiOiJcL3dwLWFkbWluXC90ZXJtLnBocD90YXhvbm9teT1zYl9keW5hbWljX2Zvcm1fdGVtcGxhdGVzJnRhZ19JRD0xMTQmcG9zdF90eXBlPWFkX3Bvc3Qmd3BfaHR0cF9yZWZlcmVyPSUyRndwLWFkbWluJTJGZWRpdC10YWdzLnBocCUzRnRheG9ub215JTNEc2JfZHluYW1pY19mb3JtX3RlbXBsYXRlcyUyNnBvc3RfdHlwZSUzRGFkX3Bvc3QiLCJuYW1lIjoiVGF0dG9vIiwic2x1ZyI6InRhdHRvbyIsImRlc2NyaXB0aW9uIjoiIiwiX3NiX2RlZmF1bHRfY2F0X3ByaWNlX3Nob3ciOiIxIiwiX3NiX2RlZmF1bHRfY2F0X3ByaWNlX3JlcXVpcmVkIjoiMSIsIl9zYl9kZWZhdWx0X2NhdF9wcmljZV90eXBlX3Nob3ciOiIxIiwiX3NiX2RlZmF1bHRfY2F0X3ByaWNlX3R5cGVfcmVxdWlyZWQiOiIxIiwiX3NiX2RlZmF1bHRfY2F0X3ZpZGVvX3Nob3ciOiIxIiwiX3NiX2RlZmF1bHRfY2F0X3ZpZGVvX3JlcXVpcmVkIjoiMSIsIl9zYl9kZWZhdWx0X2NhdF90YWdzX3Nob3ciOiIxIiwiX3NiX2RlZmF1bHRfY2F0X3RhZ3NfcmVxdWlyZWQiOiIxIiwiX3NiX2RlZmF1bHRfY2F0X2ltYWdlX3Nob3ciOiIxIiwiX3NiX2RlZmF1bHRfY2F0X2ltYWdlX3JlcXVpcmVkIjoiMSIsIl9zYl9kZWZhdWx0X2NhdF9jb25kaXRpb25fc2hvdyI6IjAiLCJfc2JfZGVmYXVsdF9jYXRfY29uZGl0aW9uX3JlcXVpcmVkIjoiMSIsIl9zYl9kZWZhdWx0X2NhdF93YXJyYW50eV9zaG93IjoiMCIsIl9zYl9kZWZhdWx0X2NhdF93YXJyYW50eV9yZXF1aXJlZCI6IjEiLCJfc2JfZGVmYXVsdF9jYXRfYWRfdHlwZV9zaG93IjoiMCIsIl9zYl9kZWZhdWx0X2NhdF9hZF90eXBlX3JlcXVpcmVkIjoiMSIsIl9zYl9keW5hbWljX2Zvcm1fdHlwZXMiOlsiMyJdLCJfc2JfZHluYW1pY19mb3JtX2luX3NlYXJjaCI6WyJ5ZXMiXSwiX3NiX2R5bmFtaWNfZm9ybV9jb2x1bW5zIjpbIjMiXSwiX3NiX2R5bmFtaWNfZm9ybV9yZXF1aXJlcyI6WyIxIl0sIl9zYl9keW5hbWljX2Zvcm1fc3RhdHVzIjpbIjEiXSwiX3NiX2R5bmFtaWNfZm9ybV90aXRsZXMiOlsiVGF0dG9vIFR5cGVzIl0sIl9zYl9keW5hbWljX2Zvcm1fc2x1Z3MiOlsidGF0dG9vX3R5cGVzIl0sIl9zYl9keW5hbWljX2Zvcm1fdmFsdWVzIjpbIkNsYXNzaWMgQW1lcmljYW5hIHRhdHRvb3wgTmV3IHNjaG9vbCB0YXR0b28gc3R5bGV8IFN0aWNrIGFuZCBwb2tlIHRhdHRvb3wgUmVhbGlzbSB0YXR0b298IEJsYWNrd29yayB0YXR0b28gc3R5bGV8IEJpb21lY2hhbmljYWwgdGF0dG9vfCBTdXJyZWFsaXNtIHRhdHRvbyBzdHlsZSJdfQ=='),
(42, 30, '_sb_category_template', '114'),
(43, 115, '_sb_dynamic_form_fields', 'eyJhY3Rpb24iOiJlZGl0ZWR0YWciLCJ0YWdfSUQiOiIxMTUiLCJ0YXhvbm9teSI6InNiX2R5bmFtaWNfZm9ybV90ZW1wbGF0ZXMiLCJfd3Bfb3JpZ2luYWxfaHR0cF9yZWZlcmVyIjoiaHR0cHM6XC9cL2FkZm9yZXN0LWRpcmVjdG9yeS5zY3JpcHRzYnVuZGxlLmNvbVwvd3AtYWRtaW5cL2VkaXQtdGFncy5waHA/dGF4b25vbXk9c2JfZHluYW1pY19mb3JtX3RlbXBsYXRlcyZwb3N0X3R5cGU9YWRfcG9zdCIsIl93cG5vbmNlIjoiOTY5NDEyMzM4NCIsIl93cF9odHRwX3JlZmVyZXIiOiJcL3dwLWFkbWluXC90ZXJtLnBocD90YXhvbm9teT1zYl9keW5hbWljX2Zvcm1fdGVtcGxhdGVzJnRhZ19JRD0xMTUmcG9zdF90eXBlPWFkX3Bvc3Qmd3BfaHR0cF9yZWZlcmVyPSUyRndwLWFkbWluJTJGZWRpdC10YWdzLnBocCUzRnRheG9ub215JTNEc2JfZHluYW1pY19mb3JtX3RlbXBsYXRlcyUyNnBvc3RfdHlwZSUzRGFkX3Bvc3QiLCJuYW1lIjoiQmVhdXR5IFNhbG9uIiwic2x1ZyI6ImJlYXV0eS1zYWxvbiIsImRlc2NyaXB0aW9uIjoiIiwiX3NiX2RlZmF1bHRfY2F0X3ByaWNlX3Nob3ciOiIxIiwiX3NiX2RlZmF1bHRfY2F0X3ByaWNlX3JlcXVpcmVkIjoiMSIsIl9zYl9kZWZhdWx0X2NhdF9wcmljZV90eXBlX3Nob3ciOiIxIiwiX3NiX2RlZmF1bHRfY2F0X3ByaWNlX3R5cGVfcmVxdWlyZWQiOiIxIiwiX3NiX2RlZmF1bHRfY2F0X3ZpZGVvX3Nob3ciOiIxIiwiX3NiX2RlZmF1bHRfY2F0X3ZpZGVvX3JlcXVpcmVkIjoiMSIsIl9zYl9kZWZhdWx0X2NhdF90YWdzX3Nob3ciOiIxIiwiX3NiX2RlZmF1bHRfY2F0X3RhZ3NfcmVxdWlyZWQiOiIxIiwiX3NiX2RlZmF1bHRfY2F0X2ltYWdlX3Nob3ciOiIxIiwiX3NiX2RlZmF1bHRfY2F0X2ltYWdlX3JlcXVpcmVkIjoiMSIsIl9zYl9kZWZhdWx0X2NhdF9jb25kaXRpb25fc2hvdyI6IjAiLCJfc2JfZGVmYXVsdF9jYXRfY29uZGl0aW9uX3JlcXVpcmVkIjoiMSIsIl9zYl9kZWZhdWx0X2NhdF93YXJyYW50eV9zaG93IjoiMCIsIl9zYl9kZWZhdWx0X2NhdF93YXJyYW50eV9yZXF1aXJlZCI6IjEiLCJfc2JfZGVmYXVsdF9jYXRfYWRfdHlwZV9zaG93IjoiMCIsIl9zYl9kZWZhdWx0X2NhdF9hZF90eXBlX3JlcXVpcmVkIjoiMSIsIl9zYl9keW5hbWljX2Zvcm1fdHlwZXMiOlsiMyJdLCJfc2JfZHluYW1pY19mb3JtX2luX3NlYXJjaCI6WyJ5ZXMiXSwiX3NiX2R5bmFtaWNfZm9ybV9jb2x1bW5zIjpbIjMiXSwiX3NiX2R5bmFtaWNfZm9ybV9yZXF1aXJlcyI6WyIxIl0sIl9zYl9keW5hbWljX2Zvcm1fc3RhdHVzIjpbIjEiXSwiX3NiX2R5bmFtaWNfZm9ybV90aXRsZXMiOlsiU2VydmljZXMiXSwiX3NiX2R5bmFtaWNfZm9ybV9zbHVncyI6WyJzZXJ2aWNlcyJdLCJfc2JfZHluYW1pY19mb3JtX3ZhbHVlcyI6WyJGYWNpYWxzIGFuZCBza2luY2FyZSBUcmVhdG1lbnRzfCBUYW5uaW5nfCBOYWlsIFRyZWF0bWVudHN8IEFyb21hdGhlcmFweXwgTWFzc2FnZXMiXX0='),
(44, 26, '_sb_category_template', '115'),
(45, 116, '_sb_dynamic_form_fields', 'eyJhY3Rpb24iOiJlZGl0ZWR0YWciLCJ0YWdfSUQiOiIxMTYiLCJ0YXhvbm9teSI6InNiX2R5bmFtaWNfZm9ybV90ZW1wbGF0ZXMiLCJfd3Bfb3JpZ2luYWxfaHR0cF9yZWZlcmVyIjoiaHR0cHM6XC9cL2FkZm9yZXN0LWRpcmVjdG9yeS5zY3JpcHRzYnVuZGxlLmNvbVwvd3AtYWRtaW5cL3Rlcm0ucGhwP3RheG9ub215PXNiX2R5bmFtaWNfZm9ybV90ZW1wbGF0ZXMmdGFnX0lEPTExNiZwb3N0X3R5cGU9YWRfcG9zdCZ3cF9odHRwX3JlZmVyZXI9JTJGd3AtYWRtaW4lMkZlZGl0LXRhZ3MucGhwJTNGdGF4b25vbXklM0RzYl9keW5hbWljX2Zvcm1fdGVtcGxhdGVzJTI2cG9zdF90eXBlJTNEYWRfcG9zdCIsIl93cG5vbmNlIjoiZjlmYmUxMmIzZiIsIl93cF9odHRwX3JlZmVyZXIiOiJcL3dwLWFkbWluXC90ZXJtLnBocD90YXhvbm9teT1zYl9keW5hbWljX2Zvcm1fdGVtcGxhdGVzJnRhZ19JRD0xMTYmcG9zdF90eXBlPWFkX3Bvc3Qmd3BfaHR0cF9yZWZlcmVyPSUyRndwLWFkbWluJTJGZWRpdC10YWdzLnBocCUzRnRheG9ub215JTNEc2JfZHluYW1pY19mb3JtX3RlbXBsYXRlcyUyNnBvc3RfdHlwZSUzRGFkX3Bvc3QmbWVzc2FnZT0zIiwibmFtZSI6IkJhcmJlciIsInNsdWciOiJiYXJiZXIiLCJkZXNjcmlwdGlvbiI6IiIsIl9zYl9kZWZhdWx0X2NhdF9wcmljZV9zaG93IjoiMSIsIl9zYl9kZWZhdWx0X2NhdF9wcmljZV9yZXF1aXJlZCI6IjEiLCJfc2JfZGVmYXVsdF9jYXRfcHJpY2VfdHlwZV9zaG93IjoiMSIsIl9zYl9kZWZhdWx0X2NhdF9wcmljZV90eXBlX3JlcXVpcmVkIjoiMSIsIl9zYl9kZWZhdWx0X2NhdF92aWRlb19zaG93IjoiMSIsIl9zYl9kZWZhdWx0X2NhdF92aWRlb19yZXF1aXJlZCI6IjEiLCJfc2JfZGVmYXVsdF9jYXRfdGFnc19zaG93IjoiMSIsIl9zYl9kZWZhdWx0X2NhdF90YWdzX3JlcXVpcmVkIjoiMSIsIl9zYl9kZWZhdWx0X2NhdF9pbWFnZV9zaG93IjoiMSIsIl9zYl9kZWZhdWx0X2NhdF9pbWFnZV9yZXF1aXJlZCI6IjEiLCJfc2JfZGVmYXVsdF9jYXRfY29uZGl0aW9uX3Nob3ciOiIwIiwiX3NiX2RlZmF1bHRfY2F0X2NvbmRpdGlvbl9yZXF1aXJlZCI6IjEiLCJfc2JfZGVmYXVsdF9jYXRfd2FycmFudHlfc2hvdyI6IjAiLCJfc2JfZGVmYXVsdF9jYXRfd2FycmFudHlfcmVxdWlyZWQiOiIxIiwiX3NiX2RlZmF1bHRfY2F0X2FkX3R5cGVfc2hvdyI6IjAiLCJfc2JfZGVmYXVsdF9jYXRfYWRfdHlwZV9yZXF1aXJlZCI6IjEiLCJfc2JfZHluYW1pY19mb3JtX3R5cGVzIjpbIjMiLCIyIiwiMyIsIjEiXSwiX3NiX2R5bmFtaWNfZm9ybV9pbl9zZWFyY2giOlsieWVzIiwieWVzIiwibm8iLCJ5ZXMiXSwiX3NiX2R5bmFtaWNfZm9ybV9jb2x1bW5zIjpbIjEyIiwiMTIiLCIxMiIsIjEyIl0sIl9zYl9keW5hbWljX2Zvcm1fcmVxdWlyZXMiOlsiMSIsIjAiLCIwIiwiMCJdLCJfc2JfZHluYW1pY19mb3JtX3N0YXR1cyI6WyIxIiwiMSIsIjEiLCIxIl0sIl9zYl9keW5hbWljX2Zvcm1fdGl0bGVzIjpbIlNlcnZpY2VzIFR5cGUiLCJTY2hlZHVsZSBCb29raW5nIiwiQXZhaWxhYmxlIGN1dHRpbmciLCJTYXRpc2ZpZWQgQ2xpZW50Il0sIl9zYl9keW5hbWljX2Zvcm1fc2x1Z3MiOlsic2VydmljZXNfdHlwZSIsInNjaGVkdWxlX2Jvb2tpbmciLCJhdmFpbGFibGVfY3V0dGluZyIsInNhdGlzZmllZF9jbGllbnQiXSwiX3NiX2R5bmFtaWNfZm9ybV92YWx1ZXMiOlsiSGFpci1jdXR0aW5nfCBDb2xvdXJpbmcgYW5kIHN0eWxpbmd8IEdyZXkgQmxlbmRpbmd8IEZhY2lhbHN8IFN0cmFpZ2h0IFJhem9yfCBCZWFyZCBTY3VscHRpbmciLCJZZXN8Tm8iLCJNZW58Q2hpbGRyZW58d29tZW4iLCIiXX0='),
(46, 27, '_sb_category_template', '116'),
(47, 15, 'product_count_product_cat', '3'),
(48, 118, '_sb_dynamic_form_fields', 'eyJhY3Rpb24iOiJlZGl0ZWR0YWciLCJ0YWdfSUQiOiIxMTgiLCJ0YXhvbm9teSI6InNiX2R5bmFtaWNfZm9ybV90ZW1wbGF0ZXMiLCJfd3Bfb3JpZ2luYWxfaHR0cF9yZWZlcmVyIjoiaHR0cHM6XC9cL2FkZm9yZXN0LWRpcmVjdG9yeS5zY3JpcHRzYnVuZGxlLmNvbVwvd3AtYWRtaW5cL2VkaXQtdGFncy5waHA/dGF4b25vbXk9c2JfZHluYW1pY19mb3JtX3RlbXBsYXRlcyZwb3N0X3R5cGU9YWRfcG9zdCIsIl93cG5vbmNlIjoiMjgxZDYyYzIwMiIsIl93cF9odHRwX3JlZmVyZXIiOiJcL3dwLWFkbWluXC90ZXJtLnBocD90YXhvbm9teT1zYl9keW5hbWljX2Zvcm1fdGVtcGxhdGVzJnRhZ19JRD0xMTgmcG9zdF90eXBlPWFkX3Bvc3Qmd3BfaHR0cF9yZWZlcmVyPSUyRndwLWFkbWluJTJGZWRpdC10YWdzLnBocCUzRnRheG9ub215JTNEc2JfZHluYW1pY19mb3JtX3RlbXBsYXRlcyUyNnBvc3RfdHlwZSUzRGFkX3Bvc3QiLCJuYW1lIjoiRGVudGFsIiwic2x1ZyI6ImRlbnRhbCIsImRlc2NyaXB0aW9uIjoiIiwiX3NiX2RlZmF1bHRfY2F0X3ByaWNlX3Nob3ciOiIxIiwiX3NiX2RlZmF1bHRfY2F0X3ByaWNlX3JlcXVpcmVkIjoiMSIsIl9zYl9kZWZhdWx0X2NhdF9wcmljZV90eXBlX3Nob3ciOiIxIiwiX3NiX2RlZmF1bHRfY2F0X3ByaWNlX3R5cGVfcmVxdWlyZWQiOiIxIiwiX3NiX2RlZmF1bHRfY2F0X3ZpZGVvX3Nob3ciOiIxIiwiX3NiX2RlZmF1bHRfY2F0X3ZpZGVvX3JlcXVpcmVkIjoiMSIsIl9zYl9kZWZhdWx0X2NhdF90YWdzX3Nob3ciOiIxIiwiX3NiX2RlZmF1bHRfY2F0X3RhZ3NfcmVxdWlyZWQiOiIxIiwiX3NiX2RlZmF1bHRfY2F0X2ltYWdlX3Nob3ciOiIxIiwiX3NiX2RlZmF1bHRfY2F0X2ltYWdlX3JlcXVpcmVkIjoiMSIsIl9zYl9kZWZhdWx0X2NhdF9jb25kaXRpb25fc2hvdyI6IjAiLCJfc2JfZGVmYXVsdF9jYXRfY29uZGl0aW9uX3JlcXVpcmVkIjoiMSIsIl9zYl9kZWZhdWx0X2NhdF93YXJyYW50eV9zaG93IjoiMCIsIl9zYl9kZWZhdWx0X2NhdF93YXJyYW50eV9yZXF1aXJlZCI6IjEiLCJfc2JfZGVmYXVsdF9jYXRfYWRfdHlwZV9zaG93IjoiMCIsIl9zYl9kZWZhdWx0X2NhdF9hZF90eXBlX3JlcXVpcmVkIjoiMSIsIl9zYl9keW5hbWljX2Zvcm1fdHlwZXMiOlsiMyJdLCJfc2JfZHluYW1pY19mb3JtX2luX3NlYXJjaCI6WyJ5ZXMiXSwiX3NiX2R5bmFtaWNfZm9ybV9jb2x1bW5zIjpbIjEyIl0sIl9zYl9keW5hbWljX2Zvcm1fcmVxdWlyZXMiOlsiMSJdLCJfc2JfZHluYW1pY19mb3JtX3N0YXR1cyI6WyIxIl0sIl9zYl9keW5hbWljX2Zvcm1fdGl0bGVzIjpbIkRlbnRhbCBTZXJ2aWNlcyJdLCJfc2JfZHluYW1pY19mb3JtX3NsdWdzIjpbImRlbnRhbF9zZXJ2aWNlcyJdLCJfc2JfZHluYW1pY19mb3JtX3ZhbHVlcyI6WyJDb21wbGV0ZSBleGFtc3wgeC1yYXlzfCBEZW50YWwgY2xlYW5pbmdzfCBGaWxsaW5nc3wgUm9vdCBjYW5hbHN8IENvc21ldGljIGRlbnRpc3RyeXwgQ3Jvd25zIl19'),
(49, 119, '_sb_category_template', ''),
(50, 119, 'adforest_make_bid_cat_base', 'no'),
(51, 119, 'adforest_make_cat_paid', 'no'),
(52, 120, '_sb_category_template', ''),
(53, 120, 'adforest_make_bid_cat_base', 'no'),
(54, 120, 'adforest_make_cat_paid', 'no'),
(55, 121, '_sb_category_template', ''),
(56, 121, 'adforest_make_bid_cat_base', 'no'),
(57, 121, 'adforest_make_cat_paid', 'no'),
(58, 24, '_sb_category_template', '118'),
(59, 122, '_sb_dynamic_form_fields', 'eyJhY3Rpb24iOiJlZGl0ZWR0YWciLCJ0YWdfSUQiOiIxMjIiLCJ0YXhvbm9teSI6InNiX2R5bmFtaWNfZm9ybV90ZW1wbGF0ZXMiLCJfd3Bfb3JpZ2luYWxfaHR0cF9yZWZlcmVyIjoiaHR0cHM6XC9cL2FkZm9yZXN0LWRpcmVjdG9yeS5zY3JpcHRzYnVuZGxlLmNvbVwvd3AtYWRtaW5cL3Rlcm0ucGhwP3RheG9ub215PXNiX2R5bmFtaWNfZm9ybV90ZW1wbGF0ZXMmdGFnX0lEPTEyMiZwb3N0X3R5cGU9YWRfcG9zdCZ3cF9odHRwX3JlZmVyZXI9JTJGd3AtYWRtaW4lMkZlZGl0LXRhZ3MucGhwJTNGdGF4b25vbXklM0RzYl9keW5hbWljX2Zvcm1fdGVtcGxhdGVzJTI2cG9zdF90eXBlJTNEYWRfcG9zdCIsIl93cG5vbmNlIjoiMWM5Y2U0ZDRiYSIsIl93cF9odHRwX3JlZmVyZXIiOiJcL3dwLWFkbWluXC90ZXJtLnBocD90YXhvbm9teT1zYl9keW5hbWljX2Zvcm1fdGVtcGxhdGVzJnRhZ19JRD0xMjImcG9zdF90eXBlPWFkX3Bvc3Qmd3BfaHR0cF9yZWZlcmVyPSUyRndwLWFkbWluJTJGZWRpdC10YWdzLnBocCUzRnRheG9ub215JTNEc2JfZHluYW1pY19mb3JtX3RlbXBsYXRlcyUyNnBvc3RfdHlwZSUzRGFkX3Bvc3QmbWVzc2FnZT0zIiwibmFtZSI6IkF1dG8gUmVwYWlyIiwic2x1ZyI6ImF1dG8tcmVwYWlyIiwiZGVzY3JpcHRpb24iOiIiLCJfc2JfZGVmYXVsdF9jYXRfcHJpY2Vfc2hvdyI6IjAiLCJfc2JfZGVmYXVsdF9jYXRfcHJpY2VfcmVxdWlyZWQiOiIxIiwiX3NiX2RlZmF1bHRfY2F0X3ByaWNlX3R5cGVfc2hvdyI6IjAiLCJfc2JfZGVmYXVsdF9jYXRfcHJpY2VfdHlwZV9yZXF1aXJlZCI6IjEiLCJfc2JfZGVmYXVsdF9jYXRfdmlkZW9fc2hvdyI6IjEiLCJfc2JfZGVmYXVsdF9jYXRfdmlkZW9fcmVxdWlyZWQiOiIxIiwiX3NiX2RlZmF1bHRfY2F0X3RhZ3Nfc2hvdyI6IjEiLCJfc2JfZGVmYXVsdF9jYXRfdGFnc19yZXF1aXJlZCI6IjEiLCJfc2JfZGVmYXVsdF9jYXRfaW1hZ2Vfc2hvdyI6IjEiLCJfc2JfZGVmYXVsdF9jYXRfaW1hZ2VfcmVxdWlyZWQiOiIxIiwiX3NiX2RlZmF1bHRfY2F0X2NvbmRpdGlvbl9zaG93IjoiMCIsIl9zYl9kZWZhdWx0X2NhdF9jb25kaXRpb25fcmVxdWlyZWQiOiIxIiwiX3NiX2RlZmF1bHRfY2F0X3dhcnJhbnR5X3Nob3ciOiIwIiwiX3NiX2RlZmF1bHRfY2F0X3dhcnJhbnR5X3JlcXVpcmVkIjoiMSIsIl9zYl9kZWZhdWx0X2NhdF9hZF90eXBlX3Nob3ciOiIwIiwiX3NiX2RlZmF1bHRfY2F0X2FkX3R5cGVfcmVxdWlyZWQiOiIxIiwiX3NiX2R5bmFtaWNfZm9ybV90eXBlcyI6WyIzIiwiMiIsIjIiLCIyIiwiMyJdLCJfc2JfZHluYW1pY19mb3JtX2luX3NlYXJjaCI6WyJ5ZXMiLCJ5ZXMiLCJ5ZXMiLCJ5ZXMiLCJ5ZXMiXSwiX3NiX2R5bmFtaWNfZm9ybV9jb2x1bW5zIjpbIjEyIiwiMTIiLCI2IiwiMTIiLCIxMiJdLCJfc2JfZHluYW1pY19mb3JtX3JlcXVpcmVzIjpbIjEiLCIwIiwiMCIsIjAiLCIwIl0sIl9zYl9keW5hbWljX2Zvcm1fc3RhdHVzIjpbIjEiLCIxIiwiMSIsIjEiLCIxIl0sIl9zYl9keW5hbWljX2Zvcm1fdGl0bGVzIjpbIkF1dG8gUmVwYWlyIFNlcnZpY2VzIiwib2lsIENoYW5nZSAiLCJIb21lIHNlcnZpY2UiLCJTY2hlZHVsZSBTZXJ2aWNlIiwib3RoZXIgc2VydmljZXMiXSwiX3NiX2R5bmFtaWNfZm9ybV9zbHVncyI6WyJhdXRvX3JlcGFpcl9zZXJ2aWNlcyIsIm9pbF9jaGFuZ2UiLCJob21lX3NlcnZpY2UiLCJzY2hlZHVsZV9zZXJ2aWNlIiwib3RoZXJfc2VydmljZXMiXSwiX3NiX2R5bmFtaWNfZm9ybV92YWx1ZXMiOlsiQ2hhbmdpbmcgSGVhZGxpZ2h0IEJ1bGJzfCBSZXBsYWNpbmcgdGhlIE94eWdlbiBTZW5zb3J8IFJlcGxhY2luZyB0aGUgQWx0ZXJuYXRvcnwgUmVwbGFjaW5nIHRoZSBUaGVybW9zdGF0fCBGaXhpbmcgYSBMZWFreSBTdW5yb29mIiwieWVzfE5vIiwieWVzfE5vIiwieWVzfE5vIiwiUmVudCBhIGNhcnxjYXIgd2FzaHxzYXByZSBwYXJ0cyJdfQ=='),
(60, 23, '_sb_category_template', '122'),
(61, 123, '_sb_dynamic_form_fields', 'eyJhY3Rpb24iOiJlZGl0ZWR0YWciLCJ0YWdfSUQiOiIxMjMiLCJ0YXhvbm9teSI6InNiX2R5bmFtaWNfZm9ybV90ZW1wbGF0ZXMiLCJfd3Bfb3JpZ2luYWxfaHR0cF9yZWZlcmVyIjoiaHR0cHM6XC9cL2FkZm9yZXN0LWRpcmVjdG9yeS5zY3JpcHRzYnVuZGxlLmNvbVwvd3AtYWRtaW5cL3Rlcm0ucGhwP3RheG9ub215PXNiX2R5bmFtaWNfZm9ybV90ZW1wbGF0ZXMmdGFnX0lEPTEyMyZwb3N0X3R5cGU9YWRfcG9zdCZ3cF9odHRwX3JlZmVyZXI9JTJGd3AtYWRtaW4lMkZlZGl0LXRhZ3MucGhwJTNGdGF4b25vbXklM0RzYl9keW5hbWljX2Zvcm1fdGVtcGxhdGVzJTI2cG9zdF90eXBlJTNEYWRfcG9zdCIsIl93cG5vbmNlIjoiMTA5MzI0MDMwZiIsIl93cF9odHRwX3JlZmVyZXIiOiJcL3dwLWFkbWluXC90ZXJtLnBocD90YXhvbm9teT1zYl9keW5hbWljX2Zvcm1fdGVtcGxhdGVzJnRhZ19JRD0xMjMmcG9zdF90eXBlPWFkX3Bvc3Qmd3BfaHR0cF9yZWZlcmVyPSUyRndwLWFkbWluJTJGZWRpdC10YWdzLnBocCUzRnRheG9ub215JTNEc2JfZHluYW1pY19mb3JtX3RlbXBsYXRlcyUyNnBvc3RfdHlwZSUzRGFkX3Bvc3QmbWVzc2FnZT0zIiwibmFtZSI6IlJlc3RhdXJhbnRzIiwic2x1ZyI6InJlc3RhdXJhbnRzIiwiZGVzY3JpcHRpb24iOiIiLCJfc2JfZGVmYXVsdF9jYXRfcHJpY2Vfc2hvdyI6IjAiLCJfc2JfZGVmYXVsdF9jYXRfcHJpY2VfcmVxdWlyZWQiOiIxIiwiX3NiX2RlZmF1bHRfY2F0X3ByaWNlX3R5cGVfc2hvdyI6IjAiLCJfc2JfZGVmYXVsdF9jYXRfcHJpY2VfdHlwZV9yZXF1aXJlZCI6IjEiLCJfc2JfZGVmYXVsdF9jYXRfdmlkZW9fc2hvdyI6IjEiLCJfc2JfZGVmYXVsdF9jYXRfdmlkZW9fcmVxdWlyZWQiOiIxIiwiX3NiX2RlZmF1bHRfY2F0X3RhZ3Nfc2hvdyI6IjEiLCJfc2JfZGVmYXVsdF9jYXRfdGFnc19yZXF1aXJlZCI6IjEiLCJfc2JfZGVmYXVsdF9jYXRfaW1hZ2Vfc2hvdyI6IjEiLCJfc2JfZGVmYXVsdF9jYXRfaW1hZ2VfcmVxdWlyZWQiOiIxIiwiX3NiX2RlZmF1bHRfY2F0X2NvbmRpdGlvbl9zaG93IjoiMCIsIl9zYl9kZWZhdWx0X2NhdF9jb25kaXRpb25fcmVxdWlyZWQiOiIxIiwiX3NiX2RlZmF1bHRfY2F0X3dhcnJhbnR5X3Nob3ciOiIwIiwiX3NiX2RlZmF1bHRfY2F0X3dhcnJhbnR5X3JlcXVpcmVkIjoiMSIsIl9zYl9kZWZhdWx0X2NhdF9hZF90eXBlX3Nob3ciOiIwIiwiX3NiX2RlZmF1bHRfY2F0X2FkX3R5cGVfcmVxdWlyZWQiOiIxIiwiX3NiX2R5bmFtaWNfZm9ybV90eXBlcyI6WyIzIiwiMyIsIjMiLCIyIiwiMiIsIjIiLCIyIiwiMiJdLCJfc2JfZHluYW1pY19mb3JtX2luX3NlYXJjaCI6WyJ5ZXMiLCJ5ZXMiLCJ5ZXMiLCJ5ZXMiLCJ5ZXMiLCJ5ZXMiLCJ5ZXMiLCJ5ZXMiXSwiX3NiX2R5bmFtaWNfZm9ybV9jb2x1bW5zIjpbIjEyIiwiMTIiLCIxMiIsIjEyIiwiMTIiLCIxMiIsIjEyIiwiMTIiXSwiX3NiX2R5bmFtaWNfZm9ybV9yZXF1aXJlcyI6WyIxIiwiMSIsIjEiLCIwIiwiMCIsIjAiLCIxIiwiMCJdLCJfc2JfZHluYW1pY19mb3JtX3N0YXR1cyI6WyIxIiwiMSIsIjEiLCIxIiwiMSIsIjEiLCIxIiwiMSJdLCJfc2JfZHluYW1pY19mb3JtX3RpdGxlcyI6WyJTZXJ2aWNlcyIsIlBheW1lbnQgTWV0aG9kcyIsIkZlYXR1cmVzIiwiQmVkcyByb29tcyBUeXBlIiwiTnVtYmVyIG9mIEJlZHMiLCJQcm9wZXJ0eSBUeXBlIiwiUm9vbSBUeXBlIiwiU2VsZiBDaGVjay1pbiJdLCJfc2JfZHluYW1pY19mb3JtX3NsdWdzIjpbInNlcnZpY2VzIiwicGF5bWVudF9tZXRob2RzIiwiZmVhdHVyZXMiLCJiZWRzX3Jvb21zX3R5cGUiLCJudW1iZXJfb2ZfYmVkcyIsInByb3BlcnR5X3R5cGUiLCJyb29tX3R5cGUiLCJzZWxmX2NoZWNrX2luIl0sIl9zYl9keW5hbWljX2Zvcm1fdmFsdWVzIjpbIkFpcnBvcnRzfCBCZWQgJiBCcmVha2Zhc3R8IENhciBSZW50YWx8IFBldHMgRnJpZW5kbHl8IFJlc29ydHN8IFNtb2tpbmcgQWxsb3dlZHwgU3RyZWV0IFBhcmtpbmd8IFdpcmVsZXNzIEludGVybmV0IiwiUGF5cGFsfCBTdHJpcGV8IFdlc3Rlcm4gVW5pb24iLCJEb2dzIEFsbG93ZWR8IDI0IEhvdXJzIE9wZW58IFdoZWVsY2hhaXIgQWNjZXNzaWJsZSIsIk1hc3RlcnwgU3R1ZGlvfCBEb3JtIiwiMXwyfDN8NHw1fDYiLCJIb3RlbCBjYW1wZXJcL1JWfCBUaXBpfCBZdXJ0IiwiU2hhcmVkIFJvb21zfCBQcml2YXRlIFJvb21zfCBFbnRpcmUgUm9vbVwvQXBhcnRtZW50fCAiLCJMb2NrYm94fCBTbWFydCBMb2NrfCBrZXlwYWR8IERvb3JtYW4iXX0='),
(62, 21, '_sb_category_template', '123'),
(63, 124, '_sb_dynamic_form_fields', 'eyJhY3Rpb24iOiJlZGl0ZWR0YWciLCJ0YWdfSUQiOiIxMjQiLCJ0YXhvbm9teSI6InNiX2R5bmFtaWNfZm9ybV90ZW1wbGF0ZXMiLCJfd3Bfb3JpZ2luYWxfaHR0cF9yZWZlcmVyIjoiaHR0cHM6XC9cL2FkZm9yZXN0LWRpcmVjdG9yeS5zY3JpcHRzYnVuZGxlLmNvbVwvd3AtYWRtaW5cL2VkaXQtdGFncy5waHA/dGF4b25vbXk9c2JfZHluYW1pY19mb3JtX3RlbXBsYXRlcyZwb3N0X3R5cGU9YWRfcG9zdCIsIl93cG5vbmNlIjoiZDJjM2Q5ZDRlNyIsIl93cF9odHRwX3JlZmVyZXIiOiJcL3dwLWFkbWluXC90ZXJtLnBocD90YXhvbm9teT1zYl9keW5hbWljX2Zvcm1fdGVtcGxhdGVzJnRhZ19JRD0xMjQmcG9zdF90eXBlPWFkX3Bvc3Qmd3BfaHR0cF9yZWZlcmVyPSUyRndwLWFkbWluJTJGZWRpdC10YWdzLnBocCUzRnRheG9ub215JTNEc2JfZHluYW1pY19mb3JtX3RlbXBsYXRlcyUyNnBvc3RfdHlwZSUzRGFkX3Bvc3QiLCJuYW1lIjoiUGV0cyIsInNsdWciOiJwZXRzIiwiZGVzY3JpcHRpb24iOiIiLCJfc2JfZGVmYXVsdF9jYXRfcHJpY2Vfc2hvdyI6IjAiLCJfc2JfZGVmYXVsdF9jYXRfcHJpY2VfcmVxdWlyZWQiOiIxIiwiX3NiX2RlZmF1bHRfY2F0X3ByaWNlX3R5cGVfc2hvdyI6IjAiLCJfc2JfZGVmYXVsdF9jYXRfcHJpY2VfdHlwZV9yZXF1aXJlZCI6IjEiLCJfc2JfZGVmYXVsdF9jYXRfdmlkZW9fc2hvdyI6IjEiLCJfc2JfZGVmYXVsdF9jYXRfdmlkZW9fcmVxdWlyZWQiOiIxIiwiX3NiX2RlZmF1bHRfY2F0X3RhZ3Nfc2hvdyI6IjEiLCJfc2JfZGVmYXVsdF9jYXRfdGFnc19yZXF1aXJlZCI6IjEiLCJfc2JfZGVmYXVsdF9jYXRfaW1hZ2Vfc2hvdyI6IjEiLCJfc2JfZGVmYXVsdF9jYXRfaW1hZ2VfcmVxdWlyZWQiOiIxIiwiX3NiX2RlZmF1bHRfY2F0X2NvbmRpdGlvbl9zaG93IjoiMCIsIl9zYl9kZWZhdWx0X2NhdF9jb25kaXRpb25fcmVxdWlyZWQiOiIxIiwiX3NiX2RlZmF1bHRfY2F0X3dhcnJhbnR5X3Nob3ciOiIwIiwiX3NiX2RlZmF1bHRfY2F0X3dhcnJhbnR5X3JlcXVpcmVkIjoiMSIsIl9zYl9kZWZhdWx0X2NhdF9hZF90eXBlX3Nob3ciOiIwIiwiX3NiX2RlZmF1bHRfY2F0X2FkX3R5cGVfcmVxdWlyZWQiOiIxIiwiX3NiX2R5bmFtaWNfZm9ybV90eXBlcyI6WyIzIl0sIl9zYl9keW5hbWljX2Zvcm1faW5fc2VhcmNoIjpbInllcyJdLCJfc2JfZHluYW1pY19mb3JtX2NvbHVtbnMiOlsiMTIiXSwiX3NiX2R5bmFtaWNfZm9ybV9yZXF1aXJlcyI6WyIxIl0sIl9zYl9keW5hbWljX2Zvcm1fc3RhdHVzIjpbIjEiXSwiX3NiX2R5bmFtaWNfZm9ybV90aXRsZXMiOlsiUGV0IFNlcnZpY2VzIl0sIl9zYl9keW5hbWljX2Zvcm1fc2x1Z3MiOlsicGV0X3NlcnZpY2VzIl0sIl9zYl9keW5hbWljX2Zvcm1fdmFsdWVzIjpbIiBCYXNpYyBIb21lIENhcmV8IERvZyBDYXQsIEJpcmQgVmlzaXRzfCBGZWVkaW5nfCBNZWRpY2FsIENhcmV8IE1pZCBEYXkgV2Fsa3MiXX0='),
(64, 25, '_sb_category_template', '124');


INSERT INTO `wp_terms` (`term_id`, `name`, `slug`, `term_group`) VALUES
(1, 'Uncategorized', 'uncategorized', 0),
(2, 'simple', 'simple', 0),
(3, 'grouped', 'grouped', 0),
(4, 'variable', 'variable', 0),
(5, 'external', 'external', 0),
(6, 'exclude-from-search', 'exclude-from-search', 0),
(7, 'exclude-from-catalog', 'exclude-from-catalog', 0),
(8, 'featured', 'featured', 0),
(9, 'outofstock', 'outofstock', 0),
(10, 'rated-1', 'rated-1', 0),
(11, 'rated-2', 'rated-2', 0),
(12, 'rated-3', 'rated-3', 0),
(13, 'rated-4', 'rated-4', 0),
(14, 'rated-5', 'rated-5', 0),
(15, 'Uncategorized', 'uncategorized', 0),
(16, 'Min Price', 'min-price', 0),
(17, 'Max Price', 'max-price', 0),
(18, 'Top rated vendor', 'top-rated-vendor', 0),
(19, 'adforest', 'adforest', 0),
(20, 'Directory', 'directory', 0),
(21, 'Hotels', 'hotels', 0),
(22, 'Beauty', 'beauty', 0),
(23, 'Auto Repair', 'auto-repair', 0),
(24, 'Health', 'health', 0),
(25, 'Veterinary', 'veterinary', 0),
(26, 'Beauty Salon', 'beauty-salon', 0),
(27, 'Barber Shops', 'barber-shops', 0),
(28, 'Day Spas', 'day-spas', 0),
(29, 'Nail Salons', 'nail-slons', 0),
(30, 'Tattooing', 'tattooing', 0),
(31, 'Air Conditioning System', 'air-conditioning-system', 0),
(32, 'Electrical Systems', 'electrical-systems', 0),
(33, 'Tires and Alignment', 'tires-and-alignment', 0),
(34, 'Car Wash', 'car-wash', 0),
(35, 'Dashboard Wipe-down', 'dashboard-wipe-down', 0),
(36, 'Interior Vacuum', 'interior-vacuum', 0),
(37, 'Mat Cleaning/ Mat Shampoo', 'mat-cleaning-mat-shampoo', 0),
(38, 'classified', 'classified', 0),
(39, 'Food', 'food', 0),
(40, 'food', 'food', 0),
(41, 'Promotion', 'promotion', 0),
(42, 'Sell and Buy', 'sell-and-buy', 0),
(43, 'data analysis', 'data-analysis', 0),
(44, 'marketing', 'marketing', 0),
(45, 'Technology', 'technology', 0),
(46, 'technology', 'technology', 0),
(47, 'bitcoin trading', 'bitcoin-trading', 0),
(48, 'ecommerce', 'ecommerce', 0),
(49, 'Business deal', 'business-deal', 0),
(50, 'marketing strategies', 'marketing-strategies', 0),
(51, 'Sports', 'sports', 0),
(52, 'food bloging', 'food-bloging', 0),
(53, 'healthy food', 'healthy-food', 0),
(54, 'advertisements', 'advertisements', 0),
(55, 'business strategies', 'business-strategies', 0),
(56, 'Entertainment', 'entertainment', 0),
(57, 'online marketing', 'online-marketing', 0),
(58, 'Electronic Products', 'electronic-products', 0),
(59, 'New Tech', 'new-tech', 0),
(60, 'Australia', 'australia', 0),
(61, 'Queensland', 'queensland', 0),
(62, 'Central Queensland', 'central-queensland', 0),
(63, 'North Queensland', 'north-queensland', 0),
(64, 'Victoria', 'victoria', 0),
(65, 'Victoria', 'victoria-2', 0),
(66, 'Albert Park District', 'albert-park-district', 0),
(67, 'Bass District', 'bass-district', 0),
(68, 'Germany', 'germany', 0),
(69, 'Berlin', 'berlin', 0),
(70, 'Bremen', 'bremen', 0),
(71, 'Hamburg', 'hamburg', 0),
(72, 'Hesse', 'hesse', 0),
(73, 'India', 'india', 0),
(74, 'Delhi', 'delhi', 0),
(75, 'Delhi', 'delhi-2', 0),
(76, 'Haryana', 'haryana', 0),
(77, 'Pakistan', 'pakistan', 0),
(78, 'Baluchistan', 'baluchistan', 0),
(79, 'KPK', 'kpk', 0),
(80, 'Punjab', 'punjab', 0),
(81, 'Dera Ghazi Khan', 'dera-ghazi-khan', 0),
(82, 'Lahore', 'lahore', 0),
(83, 'Multan', 'multan', 0),
(84, 'Kasur', 'kasur', 0),
(85, 'Sheikhupura', 'sheikhupura', 0),
(86, 'Sindh', 'sindh', 0),
(87, 'USA', 'usa', 0),
(88, 'California', 'california', 0),
(89, 'Sacramento', 'sacramento', 0),
(90, 'Citrus Heights', 'citrus-heights', 0),
(92, 'United States', 'united-states', 0),
(93, 'Alabama', 'alabama', 0),
(94, 'Arizona', 'arizona', 0),
(95, 'Arkansas', 'arkansas', 0),
(96, '$', '96', 0),
(97, '£', '97', 0),
(98, '¥', '%c2%a5', 0),
(99, '฿', '%e0%b8%bf', 0),
(100, '₨', '%e2%82%a8', 0),
(101, '﷼', '%ef%b7%bc', 0),
(102, '₽', '%e2%82%bd', 0),
(103, 'New', 'new', 0),
(104, 'Used', 'used', 0),
(105, 'Buy', 'buy', 0),
(106, 'Exchange', 'exchange', 0),
(107, 'Lost and Found', 'lost-and-found', 0),
(108, 'Sell', 'sell', 0),
(109, 'No', 'no', 0),
(110, 'Yes', 'yes', 0),
(111, 'Day SPA', 'day-spa', 0),
(112, 'Nails salon', 'nail-solon', 0),
(113, 'Car Wash Type', 'car-wash-type', 0),
(114, 'Tattoo', 'tattoo', 0),
(115, 'Beauty Salon', 'beauty-salon', 0),
(116, 'Barber', 'barber', 0),
(117, 'adforest_classified_pkgs', 'adforest_classified_pkgs', 0),
(118, 'Dental', 'dental', 0),
(119, 'Dentist', 'dentist', 0),
(120, 'Surgeon', 'surgeon', 0),
(121, 'Pet Clinic', 'pet-clinic', 0),
(122, 'Auto Repair', 'auto-repair', 0),
(123, 'Restaurants', 'restaurants', 0),
(124, 'Pets', 'pets', 0),
(125, 'footer menu', 'footer-menu', 0);

INSERT INTO `wp_term_relationships` (`object_id`, `term_taxonomy_id`, `term_order`) VALUES
(16, 19, 0),
(34, 20, 0),
(425, 38, 0),
(425, 39, 0),
(425, 40, 0),
(425, 41, 0),
(425, 42, 0),
(429, 43, 0),
(429, 44, 0),
(429, 45, 0),
(429, 46, 0),
(435, 45, 0),
(435, 46, 0),
(435, 47, 0),
(435, 48, 0),
(440, 44, 0),
(440, 45, 0),
(440, 49, 0),
(440, 50, 0),
(440, 51, 0),
(445, 51, 0),
(457, 39, 0),
(457, 40, 0),
(457, 52, 0),
(457, 53, 0),
(461, 44, 0),
(461, 48, 0),
(461, 54, 0),
(461, 55, 0),
(461, 56, 0),
(461, 57, 0),
(465, 45, 0),
(465, 58, 0),
(465, 59, 0),
(467, 28, 0),
(467, 60, 0),
(467, 96, 0),
(486, 29, 0),
(486, 87, 0),
(498, 30, 0),
(498, 60, 0),
(509, 26, 0),
(509, 87, 0),
(509, 88, 0),
(509, 96, 0),
(524, 27, 0),
(524, 68, 0),
(524, 70, 0),
(573, 15, 0),
(573, 117, 0),
(574, 15, 0),
(574, 117, 0),
(575, 15, 0),
(575, 117, 0),
(590, 24, 0),
(590, 60, 0),
(590, 61, 0),
(590, 63, 0),
(590, 97, 0),
(590, 119, 0),
(610, 23, 0),
(610, 92, 0),
(617, 21, 0),
(617, 92, 0),
(617, 94, 0),
(627, 28, 0),
(627, 68, 0),
(637, 20, 0),
(638, 25, 0),
(638, 87, 0),
(638, 121, 0),
(647, 20, 0),
(650, 20, 0),
(651, 20, 0),
(673, 125, 0),
(674, 125, 0),
(675, 125, 0),
(676, 125, 0),
(733, 20, 0),
(736, 20, 0),
(740, 20, 0);


INSERT INTO `wp_term_taxonomy` (`term_taxonomy_id`, `term_id`, `taxonomy`, `description`, `parent`, `count`) VALUES
(1, 1, 'category', '', 0, 0),
(2, 2, 'product_type', '', 0, 0),
(3, 3, 'product_type', '', 0, 0),
(4, 4, 'product_type', '', 0, 0),
(5, 5, 'product_type', '', 0, 0),
(6, 6, 'product_visibility', '', 0, 0),
(7, 7, 'product_visibility', '', 0, 0),
(8, 8, 'product_visibility', '', 0, 0),
(9, 9, 'product_visibility', '', 0, 0),
(10, 10, 'product_visibility', '', 0, 0),
(11, 11, 'product_visibility', '', 0, 0),
(12, 12, 'product_visibility', '', 0, 0),
(13, 13, 'product_visibility', '', 0, 0),
(14, 14, 'product_visibility', '', 0, 0),
(15, 15, 'product_cat', '', 0, 3),
(16, 16, 'wcmp_spmv', 'Used for minimum price products under all single product multi vendor concept.', 0, 0),
(17, 17, 'wcmp_spmv', 'Used for maximum price products under all single product multi vendor concept.', 0, 0),
(18, 18, 'wcmp_spmv', 'Used for top rated vendor products under all single product multi vendor concept.', 0, 0),
(19, 19, 'wp_theme', '', 0, 1),
(20, 20, 'nav_menu', '', 0, 8),
(21, 21, 'ad_cats', '', 0, 1),
(22, 22, 'ad_cats', '', 0, 0),
(23, 23, 'ad_cats', '', 0, 1),
(24, 24, 'ad_cats', '', 0, 1),
(25, 25, 'ad_cats', '', 0, 1),
(26, 26, 'ad_cats', '', 0, 1),
(27, 27, 'ad_cats', '', 0, 1),
(28, 28, 'ad_cats', '', 0, 2),
(29, 29, 'ad_cats', '', 0, 1),
(30, 30, 'ad_cats', '', 0, 1),
(31, 31, 'ad_cats', '', 23, 0),
(32, 32, 'ad_cats', '', 23, 0),
(33, 33, 'ad_cats', '', 23, 0),
(34, 34, 'ad_cats', '', 0, 0),
(35, 35, 'ad_cats', '', 34, 0),
(36, 36, 'ad_cats', '', 34, 0),
(37, 37, 'ad_cats', '', 34, 0),
(38, 38, 'post_tag', '', 0, 1),
(39, 39, 'category', '', 0, 2),
(40, 40, 'post_tag', '', 0, 2),
(41, 41, 'post_tag', '', 0, 1),
(42, 42, 'post_tag', '', 0, 1),
(43, 43, 'post_tag', '', 0, 1),
(44, 44, 'post_tag', '', 0, 3),
(45, 45, 'category', '', 0, 4),
(46, 46, 'post_tag', '', 0, 2),
(47, 47, 'post_tag', '', 0, 1),
(48, 48, 'post_tag', '', 0, 2),
(49, 49, 'post_tag', '', 0, 1),
(50, 50, 'post_tag', '', 0, 1),
(51, 51, 'category', '', 0, 2),
(52, 52, 'post_tag', '', 0, 1),
(53, 53, 'post_tag', '', 0, 1),
(54, 54, 'post_tag', '', 0, 1),
(55, 55, 'post_tag', '', 0, 1),
(56, 56, 'category', '', 0, 1),
(57, 57, 'post_tag', '', 0, 1),
(58, 58, 'post_tag', '', 0, 1),
(59, 59, 'post_tag', '', 0, 1),
(60, 60, 'ad_country', '', 0, 3),
(61, 61, 'ad_country', '', 60, 1),
(62, 62, 'ad_country', '', 61, 0),
(63, 63, 'ad_country', '', 61, 1),
(64, 64, 'ad_country', '', 60, 0),
(65, 65, 'ad_country', '', 60, 0),
(66, 66, 'ad_country', '', 65, 0),
(67, 67, 'ad_country', '', 65, 0),
(68, 68, 'ad_country', '', 0, 2),
(69, 69, 'ad_country', '', 68, 0),
(70, 70, 'ad_country', '', 68, 1),
(71, 71, 'ad_country', '', 68, 0),
(72, 72, 'ad_country', '', 68, 0),
(73, 73, 'ad_country', '', 0, 0),
(74, 74, 'ad_country', '', 73, 0),
(75, 75, 'ad_country', '', 73, 0),
(76, 76, 'ad_country', '', 73, 0),
(77, 77, 'ad_country', '', 0, 0),
(78, 78, 'ad_country', '', 77, 0),
(79, 79, 'ad_country', '', 77, 0),
(80, 80, 'ad_country', '', 77, 0),
(81, 81, 'ad_country', '', 80, 0),
(82, 82, 'ad_country', '', 80, 0),
(83, 83, 'ad_country', '', 80, 0),
(84, 84, 'ad_country', '', 82, 0),
(85, 85, 'ad_country', '', 82, 0),
(86, 86, 'ad_country', '', 77, 0),
(87, 87, 'ad_country', '', 0, 3),
(88, 88, 'ad_country', '', 87, 1),
(89, 89, 'ad_country', '', 88, 0),
(90, 90, 'ad_country', '', 88, 0),
(92, 92, 'ad_country', '', 0, 2),
(93, 93, 'ad_country', '', 92, 0),
(94, 94, 'ad_country', '', 92, 1),
(95, 95, 'ad_country', '', 92, 0),
(96, 96, 'ad_currency', '', 0, 2),
(97, 97, 'ad_currency', '', 0, 1),
(98, 98, 'ad_currency', '', 0, 0),
(99, 99, 'ad_currency', '', 0, 0),
(100, 100, 'ad_currency', '', 0, 0),
(101, 101, 'ad_currency', '', 0, 0),
(102, 102, 'ad_currency', '', 0, 0),
(103, 103, 'ad_condition', '', 0, 0),
(104, 104, 'ad_condition', '', 0, 0),
(105, 105, 'ad_type', '', 0, 0),
(106, 106, 'ad_type', '', 0, 0),
(107, 107, 'ad_type', '', 0, 0),
(108, 108, 'ad_type', '', 0, 0),
(109, 109, 'ad_warranty', '', 0, 0),
(110, 110, 'ad_warranty', '', 0, 0),
(111, 111, 'sb_dynamic_form_templates', '', 0, 0),
(112, 112, 'sb_dynamic_form_templates', '', 0, 0),
(113, 113, 'sb_dynamic_form_templates', '', 0, 0),
(114, 114, 'sb_dynamic_form_templates', '', 0, 0),
(115, 115, 'sb_dynamic_form_templates', '', 0, 0),
(116, 116, 'sb_dynamic_form_templates', '', 0, 0),
(117, 117, 'product_type', '', 0, 3),
(118, 118, 'sb_dynamic_form_templates', '', 0, 0),
(119, 119, 'ad_cats', '', 24, 1),
(120, 120, 'ad_cats', '', 24, 0),
(121, 121, 'ad_cats', '', 25, 1),
(122, 122, 'sb_dynamic_form_templates', '', 0, 0),
(123, 123, 'sb_dynamic_form_templates', '', 0, 0),
(124, 124, 'sb_dynamic_form_templates', '', 0, 0),
(125, 125, 'nav_menu', '', 0, 4);