INSERT INTO `wp_termmeta` (`meta_id`, `term_id`, `meta_key`, `meta_value`) VALUES
(1, 15, 'product_count_product_cat', '11'),
(2, 17, 'adforest_make_bid_cat_base', 'no'),
(3, 17, 'adforest_make_cat_paid', 'no'),
(4, 18, 'adforest_make_bid_cat_base', 'no'),
(5, 18, 'adforest_make_cat_paid', 'no'),
(6, 19, 'adforest_make_bid_cat_base', 'no'),
(7, 19, 'adforest_make_cat_paid', 'no'),
(8, 20, 'adforest_make_bid_cat_base', 'no'),
(9, 20, 'adforest_make_cat_paid', 'no'),
(10, 21, 'adforest_make_bid_cat_base', 'no'),
(11, 21, 'adforest_make_cat_paid', 'no'),
(12, 22, 'adforest_make_bid_cat_base', 'no'),
(13, 22, 'adforest_make_cat_paid', 'no'),
(14, 23, 'adforest_make_bid_cat_base', 'no'),
(15, 23, 'adforest_make_cat_paid', 'no'),
(16, 24, 'adforest_make_bid_cat_base', 'no'),
(17, 24, 'adforest_make_cat_paid', 'no'),
(18, 25, 'adforest_make_bid_cat_base', 'no'),
(19, 25, 'adforest_make_cat_paid', 'no'),
(20, 26, 'adforest_make_bid_cat_base', 'no'),
(21, 26, 'adforest_make_cat_paid', 'no'),
(22, 27, 'adforest_make_bid_cat_base', 'no'),
(23, 27, 'adforest_make_cat_paid', 'no'),
(24, 28, 'adforest_make_bid_cat_base', 'no'),
(25, 28, 'adforest_make_cat_paid', 'no'),
(26, 29, 'adforest_make_bid_cat_base', 'no'),
(27, 29, 'adforest_make_cat_paid', 'no'),
(28, 30, 'adforest_make_bid_cat_base', 'no'),
(29, 30, 'adforest_make_cat_paid', 'no'),
(30, 31, 'adforest_make_bid_cat_base', 'no'),
(31, 31, 'adforest_make_cat_paid', 'no'),
(32, 32, 'adforest_make_bid_cat_base', 'no'),
(33, 32, 'adforest_make_cat_paid', 'no'),
(34, 33, 'adforest_make_bid_cat_base', 'no'),
(35, 33, 'adforest_make_cat_paid', 'no'),
(36, 34, 'adforest_make_bid_cat_base', 'no'),
(37, 34, 'adforest_make_cat_paid', 'no'),
(38, 35, 'adforest_make_bid_cat_base', 'no'),
(39, 35, 'adforest_make_cat_paid', 'no'),
(40, 36, 'adforest_make_bid_cat_base', 'no'),
(41, 36, 'adforest_make_cat_paid', 'no'),
(42, 37, 'adforest_make_bid_cat_base', 'no'),
(43, 37, 'adforest_make_cat_paid', 'no'),
(44, 38, 'adforest_make_bid_cat_base', 'no'),
(45, 38, 'adforest_make_cat_paid', 'no'),
(46, 39, 'adforest_make_bid_cat_base', 'no'),
(47, 39, 'adforest_make_cat_paid', 'no'),
(48, 40, 'adforest_make_bid_cat_base', 'no'),
(49, 40, 'adforest_make_cat_paid', 'no'),
(50, 41, 'adforest_make_bid_cat_base', 'no'),
(51, 41, 'adforest_make_cat_paid', 'no'),
(52, 42, 'adforest_make_bid_cat_base', 'no'),
(53, 42, 'adforest_make_cat_paid', 'no'),
(54, 43, 'adforest_make_bid_cat_base', 'no'),
(55, 43, 'adforest_make_cat_paid', 'no'),
(56, 44, 'adforest_make_bid_cat_base', 'no'),
(57, 44, 'adforest_make_cat_paid', 'no'),
(58, 45, 'adforest_make_bid_cat_base', 'no'),
(59, 45, 'adforest_make_cat_paid', 'no'),
(60, 46, 'adforest_make_bid_cat_base', 'no'),
(61, 46, 'adforest_make_cat_paid', 'no'),
(62, 47, 'adforest_make_bid_cat_base', 'no'),
(63, 47, 'adforest_make_cat_paid', 'no'),
(64, 48, 'adforest_make_bid_cat_base', 'no'),
(65, 48, 'adforest_make_cat_paid', 'no'),
(66, 49, 'adforest_make_bid_cat_base', 'no'),
(67, 49, 'adforest_make_cat_paid', 'no'),
(68, 50, 'adforest_make_bid_cat_base', 'no'),
(69, 50, 'adforest_make_cat_paid', 'no'),
(70, 51, 'adforest_make_bid_cat_base', 'no'),
(71, 51, 'adforest_make_cat_paid', 'no'),
(72, 52, 'adforest_make_bid_cat_base', 'no'),
(73, 52, 'adforest_make_cat_paid', 'no'),
(74, 53, 'adforest_make_bid_cat_base', 'no'),
(75, 53, 'adforest_make_cat_paid', 'no'),
(76, 54, 'adforest_make_bid_cat_base', 'no'),
(77, 54, 'adforest_make_cat_paid', 'no'),
(78, 55, 'adforest_make_bid_cat_base', 'no'),
(79, 55, 'adforest_make_cat_paid', 'no'),
(80, 56, 'adforest_make_bid_cat_base', 'no'),
(81, 56, 'adforest_make_cat_paid', 'no'),
(82, 57, 'adforest_make_bid_cat_base', 'no'),
(83, 57, 'adforest_make_cat_paid', 'no'),
(84, 58, 'adforest_make_bid_cat_base', 'no'),
(85, 58, 'adforest_make_cat_paid', 'no'),
(86, 59, 'adforest_make_bid_cat_base', 'no'),
(87, 59, 'adforest_make_cat_paid', 'no'),
(88, 60, 'adforest_make_bid_cat_base', 'no'),
(89, 60, 'adforest_make_cat_paid', 'no'),
(90, 61, 'adforest_make_bid_cat_base', 'no'),
(91, 61, 'adforest_make_cat_paid', 'no'),
(92, 62, 'adforest_make_bid_cat_base', 'no'),
(93, 62, 'adforest_make_cat_paid', 'no'),
(94, 63, 'adforest_make_bid_cat_base', 'no'),
(95, 63, 'adforest_make_cat_paid', 'no'),
(96, 64, 'adforest_make_bid_cat_base', 'no'),
(97, 64, 'adforest_make_cat_paid', 'no'),
(98, 65, 'adforest_make_bid_cat_base', 'no'),
(99, 65, 'adforest_make_cat_paid', 'no'),
(100, 66, 'adforest_make_bid_cat_base', 'no'),
(101, 66, 'adforest_make_cat_paid', 'no'),
(102, 67, 'adforest_make_bid_cat_base', 'no'),
(103, 67, 'adforest_make_cat_paid', 'no'),
(104, 68, 'adforest_make_bid_cat_base', 'no'),
(105, 68, 'adforest_make_cat_paid', 'no'),
(106, 69, 'adforest_make_bid_cat_base', 'no'),
(107, 69, 'adforest_make_cat_paid', 'no'),
(108, 70, 'adforest_make_bid_cat_base', 'no'),
(109, 70, 'adforest_make_cat_paid', 'no'),
(110, 71, 'adforest_make_bid_cat_base', 'no'),
(111, 71, 'adforest_make_cat_paid', 'no'),
(112, 72, 'adforest_make_bid_cat_base', 'no'),
(113, 72, 'adforest_make_cat_paid', 'no'),
(114, 73, 'adforest_make_bid_cat_base', 'no'),
(115, 73, 'adforest_make_cat_paid', 'no'),
(116, 74, 'adforest_make_bid_cat_base', 'no'),
(117, 74, 'adforest_make_cat_paid', 'no'),
(118, 75, 'adforest_make_bid_cat_base', 'no'),
(119, 75, 'adforest_make_cat_paid', 'no'),
(120, 76, 'adforest_make_bid_cat_base', 'no'),
(121, 76, 'adforest_make_cat_paid', 'no'),
(122, 77, 'adforest_make_bid_cat_base', 'no'),
(123, 77, 'adforest_make_cat_paid', 'no'),
(124, 78, 'adforest_make_bid_cat_base', 'no'),
(125, 78, 'adforest_make_cat_paid', 'no'),
(126, 79, 'adforest_make_bid_cat_base', 'no'),
(127, 79, 'adforest_make_cat_paid', 'no'),
(128, 80, 'adforest_make_bid_cat_base', 'no'),
(129, 80, 'adforest_make_cat_paid', 'no'),
(130, 81, 'adforest_make_bid_cat_base', 'no'),
(131, 81, 'adforest_make_cat_paid', 'no'),
(132, 82, 'adforest_make_bid_cat_base', 'no'),
(133, 82, 'adforest_make_cat_paid', 'no'),
(134, 83, 'adforest_make_bid_cat_base', 'no'),
(135, 83, 'adforest_make_cat_paid', 'no'),
(136, 84, 'adforest_make_bid_cat_base', 'no'),
(137, 84, 'adforest_make_cat_paid', 'no'),
(138, 85, 'adforest_make_bid_cat_base', 'no'),
(139, 85, 'adforest_make_cat_paid', 'no'),
(212, 273, 'adforest_make_bid_cat_base', 'no'),
(213, 273, 'adforest_make_cat_paid', 'no'),
(214, 274, 'adforest_make_bid_cat_base', 'no'),
(215, 274, 'adforest_make_cat_paid', 'no'),
(216, 275, 'adforest_make_bid_cat_base', 'no'),
(217, 275, 'adforest_make_cat_paid', 'no'),
(218, 276, 'adforest_make_bid_cat_base', 'no'),
(219, 276, 'adforest_make_cat_paid', 'no'),
(220, 277, 'adforest_make_bid_cat_base', 'no'),
(221, 277, 'adforest_make_cat_paid', 'no'),
(222, 278, 'adforest_make_bid_cat_base', 'no'),
(223, 278, 'adforest_make_cat_paid', 'no'),
(224, 437, 'adforest_make_bid_cat_base', 'no'),
(225, 437, 'adforest_make_cat_paid', 'no'),
(226, 438, 'adforest_make_bid_cat_base', 'no'),
(227, 438, 'adforest_make_cat_paid', 'no'),
(228, 439, 'adforest_make_bid_cat_base', 'no'),
(229, 439, 'adforest_make_cat_paid', 'no'),
(230, 440, 'adforest_make_bid_cat_base', 'no'),
(231, 440, 'adforest_make_cat_paid', 'no'),
(232, 441, 'adforest_make_bid_cat_base', 'no'),
(233, 441, 'adforest_make_cat_paid', 'no'),
(234, 442, 'adforest_make_bid_cat_base', 'no'),
(235, 442, 'adforest_make_cat_paid', 'no');

INSERT INTO `wp_terms` (`term_id`, `name`, `slug`, `term_group`) VALUES
(1, 'Uncategorized', 'uncategorized', 0),
(2, 'simple', 'simple', 0),
(3, 'grouped', 'grouped', 0),
(4, 'variable', 'variable', 0),
(5, 'external', 'external', 0),
(6, 'exclude-from-search', 'exclude-from-search', 0),
(7, 'exclude-from-catalog', 'exclude-from-catalog', 0),
(8, 'featured', 'featured', 0),
(9, 'outofstock', 'outofstock', 0),
(10, 'rated-1', 'rated-1', 0),
(11, 'rated-2', 'rated-2', 0),
(12, 'rated-3', 'rated-3', 0),
(13, 'rated-4', 'rated-4', 0),
(14, 'rated-5', 'rated-5', 0),
(15, 'Uncategorized', 'uncategorized', 0),
(16, 'adforest_classified_pkgs', 'adforest_classified_pkgs', 0),
(17, 'Animals', 'animals', 0),
(18, 'Fish', 'fish', 0),
(19, 'Cats', 'cats', 0),
(20, 'Dogs', 'dogs', 0),
(21, 'Horses', 'horses', 0),
(22, 'Birds', 'birds', 0),
(23, 'Swift', 'swift', 0),
(24, 'Parrots', 'parrots', 0),
(25, 'Passerine', 'passerine', 0),
(26, 'Arabian', 'arabian', 0),
(27, 'Thoroughbred', 'thoroughbred', 0),
(28, 'Morgan', 'morgan', 0),
(29, 'German Shepherd', 'german-shepherd', 0),
(30, 'Golden Retriever', 'golden-retriever', 0),
(31, 'Alaskan Malamute', 'alaskan-malamute', 0),
(32, 'Persian', 'persian', 0),
(33, 'Ragdoll', 'ragdoll', 0),
(34, 'Norwegian Forest cat', 'norwegian-forest-cat', 0),
(35, 'Neon Tetra', 'neon-tetra', 0),
(36, 'Blue Tang', 'blue-tang', 0),
(37, 'Oscar', 'oscar', 0),
(38, 'Art &amp; Design', 'art-design', 0),
(39, 'Graphic arts', 'graphic-arts', 0),
(40, 'Calligraphy', 'calligraphy', 0),
(41, 'Painting', 'painting', 0),
(42, 'Sculpture', 'sculpture', 0),
(43, 'Fashion &amp; Beauty', 'fashion-beauty', 0),
(44, 'Apparel', 'apparel', 0),
(45, 'Footwear', 'footwear', 0),
(46, 'Watches &amp; Jewelry', 'watches-jewelry', 0),
(47, 'Jobs', 'jobs', 0),
(48, 'Onlie', 'onlie', 0),
(49, 'Sales', 'sales', 0),
(50, 'Hotel &amp; Tourism', 'hotel-tourism', 0),
(51, 'Vehicles', 'vehicles', 0),
(52, 'Cars', 'cars', 0),
(53, 'Boats', 'boats', 0),
(54, 'Bikes', 'bikes', 0),
(55, 'Heavy Bikes', 'heavy-bikes', 0),
(56, 'Audi', 'audi', 0),
(57, 'BMW', 'bmw', 0),
(58, 'Honda', 'honda', 0),
(59, 'Civic', 'civic', 0),
(60, 'Toyota', 'toyota', 0),
(61, 'Toyota Camry', 'toyota-camry', 0),
(62, 'Toyota RAV4', 'toyota-rav4', 0),
(63, 'Tesla', 'tesla', 0),
(64, 'Electronics', 'electronics', 0),
(65, 'Computer &amp; Laptops', 'computer-laptops', 0),
(66, 'Games &amp; Console', 'games-console', 0),
(67, 'Mobiles', 'mobiles', 0),
(68, 'Apple', 'apple', 0),
(69, 'Samsung', 'samsung', 0),
(70, 'Others', 'others', 0),
(71, 'Real Estate', 'real-estate', 0),
(72, 'Commercial &amp; Offices', 'commercial-offices', 0),
(73, 'For Rent', 'for-rent', 0),
(74, 'For Sale', 'for-sale', 0),
(75, 'Farms', 'farms', 0),
(76, 'Tablets', 'tablets', 0),
(77, 'Homes', 'homes', 0),
(78, 'Apartments', 'apartments', 0),
(79, 'Flats', 'flats', 0),
(80, 'Villas', 'villas', 0),
(81, 'Scarlet Macaw', 'scarlet-macaw', 0),
(82, 'Lovebird', 'lovebird', 0),
(83, 'Rainbow Lorikeet', 'rainbow-lorikeet', 0),
(84, 'Eclectus', 'eclectus', 0),
(85, 'Rottweiler', 'dachshunds', 0),
(211, 'Australia', 'australia', 0),
(212, 'Victoria', 'victoria', 0),
(213, 'Germany', 'germany', 0),
(214, 'Berlin', 'berlin', 0),
(215, 'Hamburg', 'hamburg', 0),
(216, 'Hesse', 'hesse', 0),
(217, 'India', 'india', 0),
(218, 'Delhi', 'delhi', 0),
(219, 'Goa', 'goa', 0),
(220, 'Haryana', 'haryana', 0),
(221, 'Pakistan', 'pakistan', 0),
(222, 'Punjab', 'punjab', 0),
(223, 'Sindh', 'sindh', 0),
(224, 'Baluchistan', 'baluchistan', 0),
(225, 'KPK', 'kpk', 0),
(226, 'Lahore', 'lahore', 0),
(227, 'Multan', 'multan', 0),
(228, 'Dera Ghazi Khan', 'dera-ghazi-khan', 0),
(229, 'Kasur', 'kasur', 0),
(230, 'Sheikhupura', 'sheikhupura', 0),
(231, 'Queensland', 'queensland', 0),
(232, 'Central Queensland', 'central-queensland', 0),
(233, 'North Queensland', 'north-queensland', 0),
(234, 'Albert Park District', 'albert-park-district', 0),
(235, 'Bass District', 'bass-district', 0),
(236, 'Bremen', 'bremen', 0),
(237, 'UAE', 'uae', 0),
(238, 'Abu Dhabi', 'abu-dhabi', 0),
(239, 'Bahrain', 'bahrain', 0),
(240, 'Qatar', 'qatar', 0),
(241, 'Sharjah', 'sharjah', 0),
(242, 'Arad, Bahrain', 'arad-bahrain', 0),
(243, 'Muharraq', 'muharraq', 0),
(244, 'Riffa', 'riffa', 0),
(245, 'USA', 'usa', 0),
(246, 'California', 'california', 0),
(247, 'Sacramento', 'sacramento', 0),
(248, 'Citrus Heights', 'citrus-heights', 0),
(249, 'United States', 'united-states', 0),
(250, 'Alabama', 'alabama', 0),
(251, 'Arizona', 'arizona', 0),
(252, 'Arkansas', 'arkansas', 0),
(255, '$', 'aud', 0),
(256, '£', 'egp', 0),
(257, '¥', 'cny', 0),
(258, '฿', 'thb', 0),
(259, '₨', 'pkr', 0),
(260, '﷼', 'qar', 0),
(261, '₽', 'rub', 0),
(262, 'New', 'new', 0),
(263, 'Used', 'used', 0),
(264, 'Buy', 'buy', 0),
(265, 'Exchange', 'exchange', 0),
(266, 'Lost and Found', 'lost-and-found', 0),
(267, 'Sell', 'sell', 0),
(268, 'Yes', 'yes', 0),
(269, 'No', 'no', 0),
(270, 'GSPDs', 'gspds', 0),
(271, 'SPDs', 'spds', 0),
(272, 'Breeder Dod', 'breeder-dod', 0),
(273, 'Services', 'services', 0),
(274, 'Cleaning Services', 'cleaning-services', 0),
(275, 'Educational', 'educational', 0),
(276, 'Food Services', 'food-services', 0),
(277, 'Home &amp; Office Removals', 'home-office-removals', 0),
(278, 'Medical', 'medical', 0),
(279, 'cars', 'cars', 0),
(280, 'bmw', 'bmw', 0),
(281, 'carforsale', 'carforsale', 0),
(282, 'auto', 'auto', 0),
(283, 'carsale', 'carsale', 0),
(284, 'carspot', 'carspot', 0),
(285, 'realestate', 'realestate', 0),
(286, 'homeforsale', 'homeforsale', 0),
(287, 'interiordesign', 'interiordesign', 0),
(288, 'property', 'property', 0),
(289, 'househunting', 'househunting', 0),
(290, 'GRs', 'grs', 0),
(291, 'dogforsale', 'dogforsale', 0),
(292, 'puppy', 'puppy', 0),
(293, 'pupforsale', 'pupforsale', 0),
(294, 'shinnycoat', 'shinnycoat', 0),
(295, 'horses', 'horses', 0),
(296, 'horseriding', 'horseriding', 0),
(297, 'horselovers', 'horselovers', 0),
(298, 'morganhorse', 'morganhorse', 0),
(299, 'horseforracing', 'horseforracing', 0),
(300, 'Pets', 'pets', 0),
(301, 'cats', 'cats', 0),
(302, 'catforsale', 'catforsale', 0),
(303, 'petlovers', 'petlovers', 0),
(304, 'persiancats', 'persiancats', 0),
(305, 'doublecoat', 'doublecoat', 0),
(306, 'ragdolls', 'ragdolls', 0),
(307, 'catslover', 'catslover', 0),
(308, 'fullytrainedcats', 'fullytrainedcats', 0),
(309, 'adultcats', 'adultcats', 0),
(310, 'whitecats', 'whitecats', 0),
(311, 'Teslamotors', 'teslamotors', 0),
(312, 'teslaforsale', 'teslaforsale', 0),
(313, 'teslaroadster', 'teslaroadster', 0),
(314, 'autodrivencars', 'autodrivencars', 0),
(315, 'modelx', 'modelx', 0),
(316, 'blueandgoldmacaw', 'blueandgoldmacaw', 0),
(317, 'macawsofig', 'macawsofig', 0),
(318, 'macaw', 'macaw', 0),
(319, 'femalemacaw', 'femalemacaw', 0),
(320, 'birdslife', 'birdslife', 0),
(321, 'parrotaddicts', 'parrotaddicts', 0),
(322, 'Villa', 'villa', 0),
(323, 'Luxury', 'luxury', 0),
(324, 'design', 'design', 0),
(325, 'architecture', 'architecture', 0),
(326, 'house', 'house', 0),
(327, 'furnishedhomes', 'furnishedhomes', 0),
(328, 'Motorbike', 'motorbike', 0),
(329, 'bikesride', 'bikesride', 0),
(330, 'Suzukibikes', 'suzukibikes', 0),
(331, 'bikelovers', 'bikelovers', 0),
(332, 'motocycles', 'motocycles', 0),
(333, 'bikers', 'bikers', 0),
(334, 'cleaningservice', 'cleaningservice', 0),
(335, 'cleaning', 'cleaning', 0),
(336, 'cleaninghacks', 'cleaninghacks', 0),
(337, 'housecleaning', 'housecleaning', 0),
(338, 'cleanhouse', 'cleanhouse', 0),
(339, 'cleaningserviceprovider', 'cleaningserviceprovider', 0),
(340, 'officecleaningservice', 'officecleaningservice', 0),
(341, 'Bluetang', 'bluetang', 0),
(342, 'Aquraium', 'aquraium', 0),
(343, 'Reeftank', 'reeftank', 0),
(344, 'fish', 'fish', 0),
(345, 'saltwateraquarium', 'saltwateraquarium', 0),
(346, 'fussyfish', 'fussyfish', 0),
(347, 'pinkfishes', 'pinkfishes', 0),
(348, 'Samsung', 'samsung', 0),
(349, 'Ultra', 'ultra', 0),
(350, 'Latestsamsungphones', 'latestsamsungphones', 0),
(351, 'smartphone', 'smartphone', 0),
(352, 'ultra 5G', 'ultra-5g', 0),
(353, 'samsungphotography', 'samsungphotography', 0),
(354, 'samsung s21 Ultra', 'samsung-s21-ultra', 0),
(355, 'iPaddrawing', 'ipaddrawing', 0),
(356, 'Procreate', 'procreate', 0),
(357, 'gamingtablet', 'gamingtablet', 0),
(358, 'iPadart', 'ipadart', 0),
(359, 'Applepencil', 'applepencil', 0),
(360, 'iPad Pro', 'ipad-pro', 0),
(361, 'Apple tablets', 'apple-tablets', 0),
(362, 'Apple', 'apple', 0),
(363, 'iphone 13', 'iphone-13', 0),
(364, 'latest release', 'latest-release', 0),
(365, 'iphone 13Pro Max', 'iphone-13pro-max', 0),
(366, 'apple accessories', 'apple-accessories', 0),
(367, 'applestore', 'applestore', 0),
(368, 'Nautique', 'nautique', 0),
(369, 'Wavesurf', 'wavesurf', 0),
(370, 'airboat', 'airboat', 0),
(371, 'wakeboat', 'wakeboat', 0),
(372, 'boatlife', 'boatlife', 0),
(373, 'wakeboarding', 'wakeboarding', 0),
(374, 'surfing', 'surfing', 0),
(375, 'boating', 'boating', 0),
(376, 'Painting', 'painting', 0),
(377, 'Art', 'art', 0),
(378, 'artists', 'artists', 0),
(379, 'oil painting', 'oil-painting', 0),
(380, 'acrylics', 'acrylics', 0),
(381, 'deep art', 'deep-art', 0),
(382, 'creativity', 'creativity', 0),
(383, 'creative painting', 'creative-painting', 0),
(384, 'contemporaryart', 'contemporaryart', 0),
(385, 'art gallery', 'art-gallery', 0),
(386, 'rottweiler', 'rottweiler', 0),
(387, 'dog', 'dog', 0),
(388, 'guarddog', 'guarddog', 0),
(389, 'rottielove', 'rottielove', 0),
(390, 'puppylove', 'puppylove', 0),
(391, 'rottweilerpuppies', 'rottweilerpuppies', 0),
(392, 'rotties', 'rotties', 0),
(393, 'ottweilerbreed', 'ottweilerbreed', 0),
(394, 'rottweilerland', 'rottweilerland', 0),
(395, 'controllergang', 'controllergang', 0),
(396, 'customcontroller', 'customcontroller', 0),
(397, 'moddedcontroller', 'moddedcontroller', 0),
(398, 'gamingroom', 'gamingroom', 0),
(399, 'gaminglife', 'gaminglife', 0),
(400, 'controllers', 'controllers', 0),
(401, 'gamingsetup', 'gamingsetup', 0),
(402, 'yacht', 'yacht', 0),
(403, 'beachlife', 'beachlife', 0),
(404, 'nature', 'nature', 0),
(405, 'sailing', 'sailing', 0),
(406, 'fishing', 'fishing', 0),
(407, 'Breederdog', 'breederdog', 0),
(408, 'guard dog', 'guard-dog', 0),
(409, 'Food', 'food', 0),
(410, 'Entertainment', 'entertainment', 0),
(411, 'Technology', 'technology', 0),
(412, 'Sports', 'sports', 0),
(413, 'Real Estate', 'real-estate', 0),
(414, 'food', 'food', 0),
(415, 'classified', 'classified', 0),
(416, 'Promotion', 'promotion', 0),
(417, 'Sell and Buy', 'sell-and-buy', 0),
(418, 'technology', 'technology', 0),
(419, 'data analysis', 'data-analysis', 0),
(420, 'marketing', 'marketing', 0),
(421, 'ecommerce', 'ecommerce', 0),
(422, 'bitcoin trading', 'bitcoin-trading', 0),
(423, 'Business deal', 'business-deal', 0),
(424, 'marketing strategies', 'marketing-strategies', 0),
(425, 'healthy food', 'healthy-food', 0),
(426, 'food bloging', 'food-bloging', 0),
(427, 'advertisements', 'advertisements', 0),
(428, 'online marketing', 'online-marketing', 0),
(429, 'business strategies', 'business-strategies', 0),
(430, 'New Tech', 'new-tech', 0),
(431, 'Electronic Products', 'electronic-products', 0),
(432, 'Footer Menu', 'footer-menu', 0),
(433, 'Main menu', 'main-menu', 0),
(434, 'Min Price', 'min-price', 0),
(435, 'Max Price', 'max-price', 0),
(436, 'Top rated vendor', 'top-rated-vendor', 0),
(437, 'marketing', 'marketing', 0),
(438, 'Huawei', 'huawei', 0),
(439, 'Hoodies', 'hoodies', 0),
(440, 'Offices', 'offices', 0),
(441, 'News', 'news', 0),
(442, 'Villa', 'villa', 0),
(443, 'mobiles', 'mobiles', 0),
(444, 'iphone', 'iphone', 0),
(445, 'iphone for sale', 'iphone-for-sale', 0),
(446, 'ipad', 'ipad', 0),
(447, 'apple life', 'apple-life', 0),
(448, 'Footer 2', 'footer-2', 0);

--
-- Dumping data for table `wp_term_relationships`
--

INSERT INTO `wp_term_relationships` (`object_id`, `term_taxonomy_id`, `term_order`) VALUES
(37, 15, 0),
(37, 16, 0),
(38, 15, 0),
(38, 16, 0),
(39, 15, 0),
(39, 16, 0),
(221, 17, 0),
(221, 20, 0),
(221, 29, 0),
(221, 213, 0),
(221, 215, 0),
(221, 255, 0),
(221, 267, 0),
(221, 270, 0),
(221, 271, 0),
(221, 407, 0),
(221, 408, 0),
(227, 51, 0),
(227, 52, 0),
(227, 57, 0),
(227, 211, 0),
(227, 212, 0),
(227, 235, 0),
(227, 255, 0),
(227, 263, 0),
(227, 267, 0),
(227, 269, 0),
(227, 279, 0),
(227, 280, 0),
(227, 281, 0),
(227, 282, 0),
(227, 283, 0),
(227, 284, 0),
(236, 71, 0),
(236, 77, 0),
(236, 80, 0),
(236, 213, 0),
(236, 216, 0),
(236, 257, 0),
(236, 262, 0),
(236, 267, 0),
(236, 269, 0),
(236, 285, 0),
(236, 286, 0),
(236, 287, 0),
(236, 288, 0),
(236, 289, 0),
(253, 17, 0),
(253, 20, 0),
(253, 30, 0),
(253, 221, 0),
(253, 222, 0),
(253, 226, 0),
(253, 259, 0),
(253, 266, 0),
(253, 269, 0),
(253, 290, 0),
(253, 291, 0),
(253, 292, 0),
(253, 293, 0),
(253, 294, 0),
(263, 17, 0),
(263, 21, 0),
(263, 28, 0),
(263, 245, 0),
(263, 246, 0),
(263, 247, 0),
(263, 255, 0),
(263, 264, 0),
(263, 295, 0),
(263, 296, 0),
(263, 297, 0),
(263, 298, 0),
(263, 299, 0),
(279, 17, 0),
(279, 19, 0),
(279, 32, 0),
(279, 249, 0),
(279, 252, 0),
(279, 258, 0),
(279, 267, 0),
(279, 300, 0),
(279, 301, 0),
(279, 302, 0),
(279, 303, 0),
(279, 304, 0),
(279, 305, 0),
(292, 17, 0),
(292, 19, 0),
(292, 33, 0),
(292, 245, 0),
(292, 246, 0),
(292, 247, 0),
(292, 261, 0),
(292, 267, 0),
(292, 301, 0),
(292, 306, 0),
(292, 307, 0),
(292, 308, 0),
(292, 309, 0),
(292, 310, 0),
(301, 51, 0),
(301, 52, 0),
(301, 63, 0),
(301, 237, 0),
(301, 240, 0),
(301, 260, 0),
(301, 263, 0),
(301, 267, 0),
(301, 268, 0),
(301, 311, 0),
(301, 312, 0),
(301, 313, 0),
(301, 314, 0),
(301, 315, 0),
(309, 17, 0),
(309, 22, 0),
(309, 24, 0),
(309, 81, 0),
(309, 245, 0),
(309, 246, 0),
(309, 247, 0),
(309, 261, 0),
(309, 265, 0),
(309, 316, 0),
(309, 317, 0),
(309, 318, 0),
(309, 319, 0),
(309, 320, 0),
(309, 321, 0),
(318, 71, 0),
(318, 77, 0),
(318, 237, 0),
(318, 238, 0),
(318, 256, 0),
(318, 262, 0),
(318, 264, 0),
(318, 268, 0),
(318, 285, 0),
(318, 287, 0),
(318, 288, 0),
(318, 322, 0),
(318, 323, 0),
(318, 324, 0),
(318, 325, 0),
(318, 326, 0),
(318, 327, 0),
(328, 51, 0),
(328, 54, 0),
(328, 217, 0),
(328, 218, 0),
(328, 258, 0),
(328, 262, 0),
(328, 265, 0),
(328, 268, 0),
(328, 328, 0),
(328, 329, 0),
(328, 330, 0),
(328, 331, 0),
(328, 332, 0),
(328, 333, 0),
(341, 245, 0),
(341, 246, 0),
(341, 247, 0),
(341, 261, 0),
(341, 267, 0),
(341, 273, 0),
(341, 274, 0),
(341, 334, 0),
(341, 335, 0),
(341, 336, 0),
(341, 337, 0),
(341, 338, 0),
(341, 339, 0),
(341, 340, 0),
(350, 17, 0),
(350, 18, 0),
(350, 237, 0),
(350, 240, 0),
(350, 260, 0),
(350, 267, 0),
(350, 341, 0),
(350, 342, 0),
(350, 343, 0),
(350, 344, 0),
(350, 345, 0),
(350, 346, 0),
(350, 347, 0),
(357, 64, 0),
(357, 67, 0),
(357, 69, 0),
(357, 221, 0),
(357, 222, 0),
(357, 226, 0),
(357, 259, 0),
(357, 262, 0),
(357, 265, 0),
(357, 268, 0),
(357, 348, 0),
(357, 349, 0),
(357, 350, 0),
(357, 351, 0),
(357, 352, 0),
(357, 353, 0),
(357, 354, 0),
(363, 64, 0),
(363, 76, 0),
(363, 249, 0),
(363, 252, 0),
(363, 261, 0),
(363, 262, 0),
(363, 265, 0),
(363, 268, 0),
(363, 355, 0),
(363, 356, 0),
(363, 357, 0),
(363, 358, 0),
(363, 359, 0),
(363, 360, 0),
(363, 361, 0),
(371, 64, 0),
(371, 67, 0),
(371, 68, 0),
(371, 245, 0),
(371, 246, 0),
(371, 255, 0),
(371, 262, 0),
(371, 267, 0),
(371, 268, 0),
(371, 351, 0),
(371, 362, 0),
(371, 363, 0),
(371, 364, 0),
(371, 365, 0),
(371, 366, 0),
(371, 367, 0),
(377, 51, 0),
(377, 53, 0),
(377, 249, 0),
(377, 250, 0),
(377, 255, 0),
(377, 263, 0),
(377, 267, 0),
(377, 268, 0),
(377, 368, 0),
(377, 369, 0),
(377, 370, 0),
(377, 371, 0),
(377, 372, 0),
(377, 373, 0),
(377, 374, 0),
(377, 375, 0),
(384, 38, 0),
(384, 39, 0),
(384, 237, 0),
(384, 241, 0),
(384, 260, 0),
(384, 262, 0),
(384, 267, 0),
(384, 269, 0),
(384, 376, 0),
(384, 377, 0),
(384, 378, 0),
(384, 379, 0),
(384, 380, 0),
(384, 381, 0),
(384, 382, 0),
(384, 383, 0),
(384, 384, 0),
(384, 385, 0),
(393, 17, 0),
(393, 20, 0),
(393, 85, 0),
(393, 256, 0),
(393, 266, 0),
(393, 386, 0),
(393, 387, 0),
(393, 388, 0),
(393, 389, 0),
(393, 390, 0),
(393, 391, 0),
(393, 392, 0),
(393, 393, 0),
(393, 394, 0),
(401, 64, 0),
(401, 66, 0),
(401, 211, 0),
(401, 212, 0),
(401, 256, 0),
(401, 262, 0),
(401, 265, 0),
(401, 268, 0),
(401, 395, 0),
(401, 396, 0),
(401, 397, 0),
(401, 398, 0),
(401, 399, 0),
(401, 400, 0),
(401, 401, 0),
(409, 51, 0),
(409, 53, 0),
(409, 211, 0),
(409, 231, 0),
(409, 232, 0),
(409, 255, 0),
(409, 263, 0),
(409, 267, 0),
(409, 269, 0),
(409, 372, 0),
(409, 375, 0),
(409, 402, 0),
(409, 403, 0),
(409, 404, 0),
(409, 405, 0),
(409, 406, 0),
(425, 409, 0),
(425, 414, 0),
(425, 415, 0),
(425, 416, 0),
(425, 417, 0),
(429, 411, 0),
(429, 418, 0),
(429, 419, 0),
(429, 420, 0),
(435, 411, 0),
(435, 418, 0),
(435, 421, 0),
(435, 422, 0),
(440, 411, 0),
(440, 412, 0),
(440, 420, 0),
(440, 423, 0),
(440, 424, 0),
(445, 412, 0),
(457, 409, 0),
(457, 414, 0),
(457, 425, 0),
(457, 426, 0),
(461, 410, 0),
(461, 420, 0),
(461, 421, 0),
(461, 427, 0),
(461, 428, 0),
(461, 429, 0),
(465, 411, 0),
(465, 430, 0),
(465, 431, 0),
(536, 432, 0),
(537, 432, 0),
(538, 432, 0),
(539, 432, 0),
(908, 433, 0),
(914, 433, 0),
(915, 433, 0),
(916, 433, 0),
(917, 433, 0),
(930, 433, 0),
(931, 433, 0),
(932, 433, 0),
(933, 433, 0),
(934, 433, 0),
(935, 433, 0),
(936, 433, 0),
(940, 433, 0),
(941, 433, 0),
(942, 433, 0),
(943, 433, 0),
(944, 433, 0),
(945, 433, 0),
(946, 433, 0),
(947, 433, 0),
(948, 433, 0),
(949, 433, 0),
(950, 433, 0),
(951, 433, 0),
(952, 433, 0),
(953, 433, 0),
(954, 433, 0),
(955, 433, 0),
(1372, 433, 0),
(1373, 433, 0),
(1374, 433, 0),
(1375, 433, 0),
(1376, 433, 0),
(1377, 433, 0),
(1378, 433, 0),
(1379, 433, 0),
(1380, 433, 0),
(1381, 433, 0),
(1382, 433, 0),
(1383, 433, 0),
(1384, 433, 0),
(1385, 433, 0),
(1386, 433, 0),
(1387, 433, 0),
(1388, 433, 0),
(1389, 433, 0),
(1390, 433, 0),
(1391, 433, 0),
(1392, 433, 0),
(1393, 433, 0),
(1394, 433, 0),
(1395, 433, 0),
(1396, 433, 0),
(1397, 433, 0),
(1398, 433, 0),
(1399, 433, 0),
(1400, 433, 0),
(1401, 433, 0),
(1402, 433, 0),
(1403, 433, 0),
(1404, 433, 0),
(1405, 433, 0),
(1406, 433, 0),
(1407, 433, 0),
(1408, 433, 0),
(1409, 433, 0),
(1514, 2, 0),
(1514, 15, 0),
(1522, 2, 0),
(1522, 15, 0),
(1523, 2, 0),
(1523, 15, 0),
(1524, 2, 0),
(1524, 15, 0),
(1525, 2, 0),
(1525, 15, 0),
(1526, 2, 0),
(1526, 15, 0),
(1527, 2, 0),
(1527, 15, 0),
(1528, 2, 0),
(1528, 15, 0),
(1613, 64, 0),
(1613, 67, 0),
(1613, 68, 0),
(1613, 255, 0),
(1613, 262, 0),
(1613, 267, 0),
(1613, 268, 0),
(1613, 443, 0),
(1613, 444, 0),
(1613, 445, 0),
(1621, 64, 0),
(1621, 76, 0),
(1621, 257, 0),
(1621, 263, 0),
(1621, 267, 0),
(1621, 269, 0),
(1621, 362, 0),
(1621, 446, 0),
(1621, 447, 0),
(1642, 432, 0),
(1643, 432, 0),
(1644, 433, 0),
(1645, 433, 0),
(1646, 433, 0),
(1647, 433, 0),
(1648, 433, 0),
(1649, 433, 0),
(1650, 433, 0),
(1651, 433, 0),
(1652, 433, 0),
(1653, 433, 0),
(1654, 433, 0),
(1655, 433, 0),
(1656, 433, 0),
(1657, 433, 0),
(1658, 433, 0),
(1659, 433, 0),
(1660, 433, 0),
(1661, 433, 0),
(1662, 433, 0),
(1663, 433, 0),
(1664, 433, 0),
(1665, 433, 0),
(1666, 433, 0),
(1667, 433, 0),
(1668, 433, 0),
(1669, 433, 0),
(1670, 433, 0),
(1671, 433, 0),
(1672, 433, 0),
(1673, 433, 0),
(1676, 433, 0),
(1677, 433, 0),
(1678, 433, 0);

INSERT INTO `wp_term_taxonomy` (`term_taxonomy_id`, `term_id`, `taxonomy`, `description`, `parent`, `count`) VALUES
(1, 1, 'category', '', 0, 0),
(2, 2, 'product_type', '', 0, 8),
(3, 3, 'product_type', '', 0, 0),
(4, 4, 'product_type', '', 0, 0),
(5, 5, 'product_type', '', 0, 0),
(6, 6, 'product_visibility', '', 0, 0),
(7, 7, 'product_visibility', '', 0, 0),
(8, 8, 'product_visibility', '', 0, 0),
(9, 9, 'product_visibility', '', 0, 0),
(10, 10, 'product_visibility', '', 0, 0),
(11, 11, 'product_visibility', '', 0, 0),
(12, 12, 'product_visibility', '', 0, 0),
(13, 13, 'product_visibility', '', 0, 0),
(14, 14, 'product_visibility', '', 0, 0),
(15, 15, 'product_cat', '', 0, 11),
(16, 16, 'product_type', '', 0, 3),
(17, 17, 'ad_cats', '', 0, 8),
(18, 18, 'ad_cats', '', 17, 1),
(19, 19, 'ad_cats', '', 17, 2),
(20, 20, 'ad_cats', '', 17, 3),
(21, 21, 'ad_cats', '', 17, 1),
(22, 22, 'ad_cats', '', 17, 1),
(23, 23, 'ad_cats', '', 22, 0),
(24, 24, 'ad_cats', '', 22, 1),
(25, 25, 'ad_cats', '', 22, 0),
(26, 26, 'ad_cats', '', 21, 0),
(27, 27, 'ad_cats', '', 21, 0),
(28, 28, 'ad_cats', '', 21, 1),
(29, 29, 'ad_cats', '', 20, 1),
(30, 30, 'ad_cats', '', 20, 1),
(31, 31, 'ad_cats', '', 20, 0),
(32, 32, 'ad_cats', '', 19, 1),
(33, 33, 'ad_cats', '', 19, 1),
(34, 34, 'ad_cats', '', 19, 0),
(35, 35, 'ad_cats', '', 18, 0),
(36, 36, 'ad_cats', '', 18, 0),
(37, 37, 'ad_cats', '', 18, 0),
(38, 38, 'ad_cats', '', 0, 1),
(39, 39, 'ad_cats', '', 38, 1),
(40, 40, 'ad_cats', '', 38, 0),
(41, 41, 'ad_cats', '', 38, 0),
(42, 42, 'ad_cats', '', 38, 0),
(43, 43, 'ad_cats', '', 0, 0),
(44, 44, 'ad_cats', '', 43, 0),
(45, 45, 'ad_cats', '', 43, 0),
(46, 46, 'ad_cats', '', 43, 0),
(47, 47, 'ad_cats', '', 0, 0),
(48, 48, 'ad_cats', '', 47, 0),
(49, 49, 'ad_cats', '', 47, 0),
(50, 50, 'ad_cats', '', 47, 0),
(51, 51, 'ad_cats', '', 0, 5),
(52, 52, 'ad_cats', '', 51, 2),
(53, 53, 'ad_cats', '', 51, 2),
(54, 54, 'ad_cats', '', 51, 1),
(55, 55, 'ad_cats', '', 51, 0),
(56, 56, 'ad_cats', '', 52, 0),
(57, 57, 'ad_cats', '', 52, 1),
(58, 58, 'ad_cats', '', 52, 0),
(59, 59, 'ad_cats', '', 58, 0),
(60, 60, 'ad_cats', '', 52, 0),
(61, 61, 'ad_cats', '', 60, 0),
(62, 62, 'ad_cats', '', 60, 0),
(63, 63, 'ad_cats', '', 52, 1),
(64, 64, 'ad_cats', '', 0, 6),
(65, 65, 'ad_cats', '', 64, 0),
(66, 66, 'ad_cats', '', 64, 1),
(67, 67, 'ad_cats', '', 64, 3),
(68, 68, 'ad_cats', '', 67, 2),
(69, 69, 'ad_cats', '', 67, 1),
(70, 70, 'ad_cats', '', 67, 0),
(71, 71, 'ad_cats', '', 0, 2),
(72, 72, 'ad_cats', '', 0, 0),
(73, 73, 'ad_cats', '', 72, 0),
(74, 74, 'ad_cats', '', 72, 0),
(75, 75, 'ad_cats', '', 71, 0),
(76, 76, 'ad_cats', '', 64, 2),
(77, 77, 'ad_cats', '', 71, 2),
(78, 78, 'ad_cats', '', 77, 0),
(79, 79, 'ad_cats', '', 77, 0),
(80, 80, 'ad_cats', '', 77, 1),
(81, 81, 'ad_cats', '', 24, 1),
(82, 82, 'ad_cats', '', 24, 0),
(83, 83, 'ad_cats', '', 24, 0),
(84, 84, 'ad_cats', '', 24, 0),
(85, 85, 'ad_cats', '', 20, 1),
(211, 211, 'ad_country', '', 0, 3),
(212, 212, 'ad_country', '', 211, 2),
(213, 213, 'ad_country', '', 0, 2),
(214, 214, 'ad_country', '', 213, 0),
(215, 215, 'ad_country', '', 213, 1),
(216, 216, 'ad_country', '', 213, 1),
(217, 217, 'ad_country', '', 0, 1),
(218, 218, 'ad_country', '', 217, 1),
(219, 219, 'ad_country', '', 217, 0),
(220, 220, 'ad_country', '', 217, 0),
(221, 221, 'ad_country', '', 0, 2),
(222, 222, 'ad_country', '', 221, 2),
(223, 223, 'ad_country', '', 221, 0),
(224, 224, 'ad_country', '', 221, 0),
(225, 225, 'ad_country', '', 221, 0),
(226, 226, 'ad_country', '', 222, 2),
(227, 227, 'ad_country', '', 222, 0),
(228, 228, 'ad_country', '', 222, 0),
(229, 229, 'ad_country', '', 226, 0),
(230, 230, 'ad_country', '', 226, 0),
(231, 231, 'ad_country', '', 211, 1),
(232, 232, 'ad_country', '', 231, 1),
(233, 233, 'ad_country', '', 231, 0),
(234, 234, 'ad_country', '', 212, 0),
(235, 235, 'ad_country', '', 212, 1),
(236, 236, 'ad_country', '', 213, 0),
(237, 237, 'ad_country', '', 0, 4),
(238, 238, 'ad_country', '', 237, 1),
(239, 239, 'ad_country', '', 237, 0),
(240, 240, 'ad_country', '', 237, 2),
(241, 241, 'ad_country', '', 237, 1),
(242, 242, 'ad_country', '', 239, 0),
(243, 243, 'ad_country', '', 239, 0),
(244, 244, 'ad_country', '', 241, 0),
(245, 245, 'ad_country', '', 0, 5),
(246, 246, 'ad_country', '', 245, 5),
(247, 247, 'ad_country', '', 246, 4),
(248, 248, 'ad_country', '', 247, 0),
(249, 249, 'ad_country', '', 0, 3),
(250, 250, 'ad_country', '', 249, 1),
(251, 251, 'ad_country', '', 249, 0),
(252, 252, 'ad_country', '', 249, 2),
(255, 255, 'ad_currency', '', 0, 7),
(256, 256, 'ad_currency', '', 0, 3),
(257, 257, 'ad_currency', '', 0, 2),
(258, 258, 'ad_currency', '', 0, 2),
(259, 259, 'ad_currency', '', 0, 2),
(260, 260, 'ad_currency', '', 0, 3),
(261, 261, 'ad_currency', '', 0, 4),
(262, 262, 'ad_condition', '', 0, 9),
(263, 263, 'ad_condition', '', 0, 5),
(264, 264, 'ad_type', '', 0, 2),
(265, 265, 'ad_type', '', 0, 5),
(266, 266, 'ad_type', '', 0, 2),
(267, 267, 'ad_type', '', 0, 14),
(268, 268, 'ad_warranty', '', 0, 9),
(269, 269, 'ad_warranty', '', 0, 6),
(270, 270, 'ad_tags', '', 0, 1),
(271, 271, 'ad_tags', '', 0, 1),
(272, 272, 'ad_tags', '', 0, 0),
(273, 273, 'ad_cats', '', 0, 1),
(274, 274, 'ad_cats', '', 273, 1),
(275, 275, 'ad_cats', '', 273, 0),
(276, 276, 'ad_cats', '', 273, 0),
(277, 277, 'ad_cats', '', 273, 0),
(278, 278, 'ad_cats', '', 273, 0),
(279, 279, 'ad_tags', '', 0, 1),
(280, 280, 'ad_tags', '', 0, 1),
(281, 281, 'ad_tags', '', 0, 1),
(282, 282, 'ad_tags', '', 0, 1),
(283, 283, 'ad_tags', '', 0, 1),
(284, 284, 'ad_tags', '', 0, 1),
(285, 285, 'ad_tags', '', 0, 2),
(286, 286, 'ad_tags', '', 0, 1),
(287, 287, 'ad_tags', '', 0, 2),
(288, 288, 'ad_tags', '', 0, 2),
(289, 289, 'ad_tags', '', 0, 1),
(290, 290, 'ad_tags', '', 0, 1),
(291, 291, 'ad_tags', '', 0, 1),
(292, 292, 'ad_tags', '', 0, 1),
(293, 293, 'ad_tags', '', 0, 1),
(294, 294, 'ad_tags', '', 0, 1),
(295, 295, 'ad_tags', '', 0, 1),
(296, 296, 'ad_tags', '', 0, 1),
(297, 297, 'ad_tags', '', 0, 1),
(298, 298, 'ad_tags', '', 0, 1),
(299, 299, 'ad_tags', '', 0, 1),
(300, 300, 'ad_tags', '', 0, 1),
(301, 301, 'ad_tags', '', 0, 2),
(302, 302, 'ad_tags', '', 0, 1),
(303, 303, 'ad_tags', '', 0, 1),
(304, 304, 'ad_tags', '', 0, 1),
(305, 305, 'ad_tags', '', 0, 1),
(306, 306, 'ad_tags', '', 0, 1),
(307, 307, 'ad_tags', '', 0, 1),
(308, 308, 'ad_tags', '', 0, 1),
(309, 309, 'ad_tags', '', 0, 1),
(310, 310, 'ad_tags', '', 0, 1),
(311, 311, 'ad_tags', '', 0, 1),
(312, 312, 'ad_tags', '', 0, 1),
(313, 313, 'ad_tags', '', 0, 1),
(314, 314, 'ad_tags', '', 0, 1),
(315, 315, 'ad_tags', '', 0, 1),
(316, 316, 'ad_tags', '', 0, 1),
(317, 317, 'ad_tags', '', 0, 1),
(318, 318, 'ad_tags', '', 0, 1),
(319, 319, 'ad_tags', '', 0, 1),
(320, 320, 'ad_tags', '', 0, 1),
(321, 321, 'ad_tags', '', 0, 1),
(322, 322, 'ad_tags', '', 0, 1),
(323, 323, 'ad_tags', '', 0, 1),
(324, 324, 'ad_tags', '', 0, 1),
(325, 325, 'ad_tags', '', 0, 1),
(326, 326, 'ad_tags', '', 0, 1),
(327, 327, 'ad_tags', '', 0, 1),
(328, 328, 'ad_tags', '', 0, 1),
(329, 329, 'ad_tags', '', 0, 1),
(330, 330, 'ad_tags', '', 0, 1),
(331, 331, 'ad_tags', '', 0, 1),
(332, 332, 'ad_tags', '', 0, 1),
(333, 333, 'ad_tags', '', 0, 1),
(334, 334, 'ad_tags', '', 0, 1),
(335, 335, 'ad_tags', '', 0, 1),
(336, 336, 'ad_tags', '', 0, 1),
(337, 337, 'ad_tags', '', 0, 1),
(338, 338, 'ad_tags', '', 0, 1),
(339, 339, 'ad_tags', '', 0, 1),
(340, 340, 'ad_tags', '', 0, 1),
(341, 341, 'ad_tags', '', 0, 1),
(342, 342, 'ad_tags', '', 0, 1),
(343, 343, 'ad_tags', '', 0, 1),
(344, 344, 'ad_tags', '', 0, 1),
(345, 345, 'ad_tags', '', 0, 1),
(346, 346, 'ad_tags', '', 0, 1),
(347, 347, 'ad_tags', '', 0, 1),
(348, 348, 'ad_tags', '', 0, 1),
(349, 349, 'ad_tags', '', 0, 1),
(350, 350, 'ad_tags', '', 0, 1),
(351, 351, 'ad_tags', '', 0, 2),
(352, 352, 'ad_tags', '', 0, 1),
(353, 353, 'ad_tags', '', 0, 1),
(354, 354, 'ad_tags', '', 0, 1),
(355, 355, 'ad_tags', '', 0, 1),
(356, 356, 'ad_tags', '', 0, 1),
(357, 357, 'ad_tags', '', 0, 1),
(358, 358, 'ad_tags', '', 0, 1),
(359, 359, 'ad_tags', '', 0, 1),
(360, 360, 'ad_tags', '', 0, 1),
(361, 361, 'ad_tags', '', 0, 1),
(362, 362, 'ad_tags', '', 0, 2),
(363, 363, 'ad_tags', '', 0, 1),
(364, 364, 'ad_tags', '', 0, 1),
(365, 365, 'ad_tags', '', 0, 1),
(366, 366, 'ad_tags', '', 0, 1),
(367, 367, 'ad_tags', '', 0, 1),
(368, 368, 'ad_tags', '', 0, 1),
(369, 369, 'ad_tags', '', 0, 1),
(370, 370, 'ad_tags', '', 0, 1),
(371, 371, 'ad_tags', '', 0, 1),
(372, 372, 'ad_tags', '', 0, 2),
(373, 373, 'ad_tags', '', 0, 1),
(374, 374, 'ad_tags', '', 0, 1),
(375, 375, 'ad_tags', '', 0, 2),
(376, 376, 'ad_tags', '', 0, 1),
(377, 377, 'ad_tags', '', 0, 1),
(378, 378, 'ad_tags', '', 0, 1),
(379, 379, 'ad_tags', '', 0, 1),
(380, 380, 'ad_tags', '', 0, 1),
(381, 381, 'ad_tags', '', 0, 1),
(382, 382, 'ad_tags', '', 0, 1),
(383, 383, 'ad_tags', '', 0, 1),
(384, 384, 'ad_tags', '', 0, 1),
(385, 385, 'ad_tags', '', 0, 1),
(386, 386, 'ad_tags', '', 0, 1),
(387, 387, 'ad_tags', '', 0, 1),
(388, 388, 'ad_tags', '', 0, 1),
(389, 389, 'ad_tags', '', 0, 1),
(390, 390, 'ad_tags', '', 0, 1),
(391, 391, 'ad_tags', '', 0, 1),
(392, 392, 'ad_tags', '', 0, 1),
(393, 393, 'ad_tags', '', 0, 1),
(394, 394, 'ad_tags', '', 0, 1),
(395, 395, 'ad_tags', '', 0, 1),
(396, 396, 'ad_tags', '', 0, 1),
(397, 397, 'ad_tags', '', 0, 1),
(398, 398, 'ad_tags', '', 0, 1),
(399, 399, 'ad_tags', '', 0, 1),
(400, 400, 'ad_tags', '', 0, 1),
(401, 401, 'ad_tags', '', 0, 1),
(402, 402, 'ad_tags', '', 0, 1),
(403, 403, 'ad_tags', '', 0, 1),
(404, 404, 'ad_tags', '', 0, 1),
(405, 405, 'ad_tags', '', 0, 1),
(406, 406, 'ad_tags', '', 0, 1),
(407, 407, 'ad_tags', '', 0, 1),
(408, 408, 'ad_tags', '', 0, 1),
(409, 409, 'category', '', 0, 2),
(410, 410, 'category', '', 0, 1),
(411, 411, 'category', '', 0, 4),
(412, 412, 'category', '', 0, 2),
(413, 413, 'category', '', 0, 0),
(414, 414, 'post_tag', '', 0, 2),
(415, 415, 'post_tag', '', 0, 1),
(416, 416, 'post_tag', '', 0, 1),
(417, 417, 'post_tag', '', 0, 1),
(418, 418, 'post_tag', '', 0, 2),
(419, 419, 'post_tag', '', 0, 1),
(420, 420, 'post_tag', '', 0, 3),
(421, 421, 'post_tag', '', 0, 2),
(422, 422, 'post_tag', '', 0, 1),
(423, 423, 'post_tag', '', 0, 1),
(424, 424, 'post_tag', '', 0, 1),
(425, 425, 'post_tag', '', 0, 1),
(426, 426, 'post_tag', '', 0, 1),
(427, 427, 'post_tag', '', 0, 1),
(428, 428, 'post_tag', '', 0, 1),
(429, 429, 'post_tag', '', 0, 1),
(430, 430, 'post_tag', '', 0, 1),
(431, 431, 'post_tag', '', 0, 1),
(432, 432, 'nav_menu', '', 0, 6),
(433, 433, 'nav_menu', '', 0, 99),
(434, 434, 'wcmp_spmv', 'Used for minimum price products under all single product multi vendor concept.', 0, 0),
(435, 435, 'wcmp_spmv', 'Used for maximum price products under all single product multi vendor concept.', 0, 0),
(436, 436, 'wcmp_spmv', 'Used for top rated vendor products under all single product multi vendor concept.', 0, 0),
(437, 437, 'ad_cats', '', 47, 0),
(438, 438, 'ad_cats', '', 67, 0),
(439, 439, 'ad_cats', '', 43, 0),
(440, 440, 'ad_cats', '', 71, 0),
(441, 441, 'ad_cats', '', 0, 0),
(442, 442, 'ad_cats', '', 71, 0),
(443, 443, 'ad_tags', '', 0, 1),
(444, 444, 'ad_tags', '', 0, 1),
(445, 445, 'ad_tags', '', 0, 1),
(446, 446, 'ad_tags', '', 0, 1),
(447, 447, 'ad_tags', '', 0, 1),
(448, 448, 'nav_menu', '', 0, 0);