INSERT INTO `wp_termmeta` (`meta_id`, `term_id`, `meta_key`, `meta_value`) VALUES
(1, 15, 'product_count_product_cat', '3');

INSERT INTO `wp_terms` (`term_id`, `name`, `slug`, `term_group`) VALUES
(1, 'Uncategorized', 'uncategorized', 0),
(2, 'simple', 'simple', 0),
(3, 'grouped', 'grouped', 0),
(4, 'variable', 'variable', 0),
(5, 'external', 'external', 0),
(6, 'exclude-from-search', 'exclude-from-search', 0),
(7, 'exclude-from-catalog', 'exclude-from-catalog', 0),
(8, 'featured', 'featured', 0),
(9, 'outofstock', 'outofstock', 0),
(10, 'rated-1', 'rated-1', 0),
(11, 'rated-2', 'rated-2', 0),
(12, 'rated-3', 'rated-3', 0),
(13, 'rated-4', 'rated-4', 0),
(14, 'rated-5', 'rated-5', 0),
(15, 'Uncategorized', 'uncategorized', 0),
(16, 'Min Price', 'min-price', 0),
(17, 'Max Price', 'max-price', 0),
(18, 'Top rated vendor', 'top-rated-vendor', 0),
(19, 'adforest', 'adforest', 0),
(20, 'Sports', 'sports', 0),
(21, 'Music', 'music', 0),
(22, 'Conference', 'conference', 0),
(23, 'Tracking and trips', 'tracking-and-trips', 0),
(24, 'Dance Festival', 'dance-festival', 0),
(25, 'Fashion Carnival', 'fashion-carnival', 0),
(26, 'Food festival', 'food-festival', 0),
(27, 'Gaming Fair', 'gaming-fair', 0),
(28, 'winter festival', 'winter-festival', 0),
(29, 'Music concert', 'music-concert', 0),
(30, 'Skydiving', 'skydiving', 0),
(31, 'Swiming compition', 'swiming-compition', 0),
(32, 'tracking', 'tracking', 0),
(33, 'trips', 'trips', 0),
(34, 'adventure', 'adventure', 0),
(35, 'trip', 'trip', 0),
(36, 'Art shows', 'art-shows', 0),
(37, 'art', 'art', 0),
(38, 'design', 'design', 0),
(39, 'show', 'show', 0),
(40, 'abstract', 'abstract', 0),
(41, 'drama', 'drama', 0),
(42, 'Conference', 'conference', 0),
(43, 'Business Conference', 'business-conference', 0),
(44, 'international conference', 'international-conference', 0),
(45, 'festival', 'festival', 0),
(46, 'dance', 'dance', 0),
(47, 'fashion', 'fashion', 0),
(48, 'food', 'food', 0),
(49, 'diet', 'diet', 0),
(50, 'health', 'health', 0),
(51, 'games', 'games', 0),
(52, 'gaming', 'gaming', 0),
(53, 'party', 'party', 0),
(54, 'parties', 'parties', 0),
(55, 'holiday', 'holiday', 0),
(56, 'fun', 'fun', 0),
(57, 'music', 'music', 0),
(58, 'concert', 'concert', 0),
(59, 'diving', 'diving', 0),
(60, 'skydiving', 'skydiving', 0),
(61, 'swimming', 'swimming', 0),
(62, 'competition', 'competition', 0),
(63, 'winter', 'winter', 0),
(68, 'adforest_classified_pkgs', 'adforest_classified_pkgs', 0),
(69, 'classified', 'classified', 0),
(70, 'Food', 'food', 0),
(71, 'food', 'food', 0),
(72, 'Promotion', 'promotion', 0),
(73, 'Sell and Buy', 'sell-and-buy', 0),
(74, 'data analysis', 'data-analysis', 0),
(75, 'marketing', 'marketing', 0),
(76, 'Technology', 'technology', 0),
(77, 'technology', 'technology', 0),
(78, 'bitcoin trading', 'bitcoin-trading', 0),
(79, 'ecommerce', 'ecommerce', 0),
(80, 'Business deal', 'business-deal', 0),
(81, 'marketing strategies', 'marketing-strategies', 0),
(82, 'Sports', 'sports', 0),
(83, 'food bloging', 'food-bloging', 0),
(84, 'healthy food', 'healthy-food', 0),
(85, 'advertisements', 'advertisements', 0),
(86, 'business strategies', 'business-strategies', 0),
(87, 'Entertainment', 'entertainment', 0),
(88, 'online marketing', 'online-marketing', 0),
(89, 'Electronic Products', 'electronic-products', 0),
(90, 'New Tech', 'new-tech', 0),
(91, 'Main Menu', 'main-menu', 0),
(92, 'Australia', 'australia', 0),
(93, 'Queensland', 'queensland', 0),
(94, 'Victoria', 'victoria', 0),
(95, 'Central Queensland', 'central-queensland', 0),
(96, 'North Queensland', 'north-queensland', 0),
(97, 'Albert Park District', 'albert-park-district', 0),
(98, 'Bass District', 'bass-district', 0),
(99, 'Germany', 'germany', 0),
(100, 'Berlin', 'berlin', 0),
(101, 'Bremen', 'bremen', 0),
(102, 'Hamburg', 'hamburg', 0),
(103, 'Hesse', 'hesse', 0),
(104, 'India', 'india', 0),
(105, 'Delhi', 'delhi', 0),
(106, 'Goa', 'goa', 0),
(107, 'Haryana', 'haryana', 0),
(108, 'Pakistan', 'pakistan', 0),
(109, 'Baluchistan', 'baluchistan', 0),
(110, 'KPK', 'kpk', 0),
(111, 'Punjab', 'punjab', 0),
(112, 'Dera Ghazi Khan', 'dera-ghazi-khan', 0),
(113, 'Lahore', 'lahore', 0),
(114, 'Kasur', 'kasur', 0),
(115, 'Sheikhupura', 'sheikhupura', 0),
(116, 'UAE', 'uae', 0),
(117, 'Abu Dhabi', 'abu-dhabi', 0),
(118, 'Bahrain', 'bahrain', 0),
(119, 'United States', 'united-states', 0),
(120, 'Arizona', 'arizona', 0),
(121, 'Arkansas', 'arkansas', 0),
(122, 'California', 'california', 0),
(123, 'Footer 1', 'footer-1', 0);


INSERT INTO `wp_term_relationships` (`object_id`, `term_taxonomy_id`, `term_order`) VALUES
(0, 38, 0),
(0, 45, 0),
(0, 47, 0),
(0, 57, 0),
(0, 58, 0),
(1, 1, 0),
(14, 19, 0),
(16, 23, 0),
(16, 32, 0),
(16, 33, 0),
(16, 34, 0),
(22, 23, 0),
(22, 32, 0),
(22, 34, 0),
(22, 35, 0),
(27, 36, 0),
(27, 37, 0),
(27, 38, 0),
(27, 39, 0),
(27, 40, 0),
(27, 41, 0),
(31, 36, 0),
(31, 37, 0),
(31, 39, 0),
(31, 40, 0),
(31, 41, 0),
(36, 22, 0),
(36, 42, 0),
(36, 43, 0),
(36, 44, 0),
(42, 24, 0),
(42, 45, 0),
(42, 46, 0),
(47, 25, 0),
(47, 38, 0),
(47, 45, 0),
(47, 47, 0),
(51, 25, 0),
(55, 26, 0),
(55, 45, 0),
(55, 48, 0),
(55, 49, 0),
(55, 50, 0),
(61, 27, 0),
(61, 51, 0),
(61, 52, 0),
(67, 28, 0),
(67, 53, 0),
(67, 54, 0),
(67, 55, 0),
(67, 56, 0),
(73, 29, 0),
(73, 57, 0),
(73, 58, 0),
(76, 21, 0),
(76, 57, 0),
(76, 58, 0),
(82, 30, 0),
(82, 59, 0),
(82, 60, 0),
(88, 31, 0),
(88, 61, 0),
(88, 62, 0),
(94, 28, 0),
(94, 45, 0),
(94, 55, 0),
(94, 63, 0),
(146, 15, 0),
(146, 68, 0),
(148, 15, 0),
(148, 68, 0),
(149, 15, 0),
(149, 68, 0),
(425, 69, 0),
(425, 70, 0),
(425, 71, 0),
(425, 72, 0),
(425, 73, 0),
(429, 74, 0),
(429, 75, 0),
(429, 76, 0),
(429, 77, 0),
(435, 76, 0),
(435, 77, 0),
(435, 78, 0),
(435, 79, 0),
(440, 75, 0),
(440, 76, 0),
(440, 80, 0),
(440, 81, 0),
(440, 82, 0),
(445, 82, 0),
(457, 70, 0),
(457, 71, 0),
(457, 83, 0),
(457, 84, 0),
(461, 75, 0),
(461, 79, 0),
(461, 85, 0),
(461, 86, 0),
(461, 87, 0),
(461, 88, 0),
(465, 76, 0),
(465, 89, 0),
(465, 90, 0),
(504, 91, 0),
(505, 91, 0),
(522, 91, 0),
(553, 91, 0),
(559, 91, 0),
(568, 91, 0),
(574, 91, 0),
(577, 91, 0),
(584, 91, 0),
(587, 91, 0),
(593, 91, 0),
(606, 123, 0),
(607, 123, 0),
(608, 123, 0),
(609, 123, 0),
(610, 123, 0),
(664, 91, 0),
(679, 91, 0),
(680, 91, 0),
(681, 91, 0);


CREATE TABLE `wp_term_taxonomy` (
  `term_taxonomy_id` bigint(20) UNSIGNED NOT NULL,
  `term_id` bigint(20) UNSIGNED NOT NULL DEFAULT 0,
  `taxonomy` varchar(32) COLLATE utf8mb4_unicode_520_ci NOT NULL DEFAULT '',
  `description` longtext COLLATE utf8mb4_unicode_520_ci NOT NULL,
  `parent` bigint(20) UNSIGNED NOT NULL DEFAULT 0,
  `count` bigint(20) NOT NULL DEFAULT 0
) ENGINE=InnoDB DEFAULT CHARSET=utf8mb4 COLLATE=utf8mb4_unicode_520_ci;



INSERT INTO `wp_term_taxonomy` (`term_taxonomy_id`, `term_id`, `taxonomy`, `description`, `parent`, `count`) VALUES
(1, 1, 'category', '', 0, 1),
(2, 2, 'product_type', '', 0, 0),
(3, 3, 'product_type', '', 0, 0),
(4, 4, 'product_type', '', 0, 0),
(5, 5, 'product_type', '', 0, 0),
(6, 6, 'product_visibility', '', 0, 0),
(7, 7, 'product_visibility', '', 0, 0),
(8, 8, 'product_visibility', '', 0, 0),
(9, 9, 'product_visibility', '', 0, 0),
(10, 10, 'product_visibility', '', 0, 0),
(11, 11, 'product_visibility', '', 0, 0),
(12, 12, 'product_visibility', '', 0, 0),
(13, 13, 'product_visibility', '', 0, 0),
(14, 14, 'product_visibility', '', 0, 0),
(15, 15, 'product_cat', '', 0, 3),
(16, 16, 'wcmp_spmv', 'Used for minimum price products under all single product multi vendor concept.', 0, 0),
(17, 17, 'wcmp_spmv', 'Used for maximum price products under all single product multi vendor concept.', 0, 0),
(18, 18, 'wcmp_spmv', 'Used for top rated vendor products under all single product multi vendor concept.', 0, 0),
(19, 19, 'wp_theme', '', 0, 1),
(20, 20, 'l_event_cat', '', 0, 0),
(21, 21, 'l_event_cat', '', 0, 1),
(22, 22, 'l_event_cat', '', 0, 1),
(23, 23, 'l_event_cat', '', 0, 2),
(24, 24, 'l_event_cat', '', 0, 1),
(25, 25, 'l_event_cat', '', 0, 2),
(26, 26, 'l_event_cat', '', 0, 1),
(27, 27, 'l_event_cat', '', 0, 1),
(28, 28, 'l_event_cat', '', 0, 2),
(29, 29, 'l_event_cat', '', 0, 1),
(30, 30, 'l_event_cat', '', 0, 1),
(31, 31, 'l_event_cat', '', 0, 1),
(32, 32, 'event_tags', '', 0, 2),
(33, 33, 'event_tags', '', 0, 1),
(34, 34, 'event_tags', '', 0, 2),
(35, 35, 'event_tags', '', 0, 1),
(36, 36, 'l_event_cat', '', 0, 2),
(37, 37, 'event_tags', '', 0, 2),
(38, 38, 'event_tags', '', 0, 2),
(39, 39, 'event_tags', '', 0, 2),
(40, 40, 'event_tags', '', 0, 2),
(41, 41, 'event_tags', '', 0, 2),
(42, 42, 'event_tags', '', 0, 1),
(43, 43, 'event_tags', '', 0, 1),
(44, 44, 'event_tags', '', 0, 1),
(45, 45, 'event_tags', '', 0, 4),
(46, 46, 'event_tags', '', 0, 1),
(47, 47, 'event_tags', '', 0, 1),
(48, 48, 'event_tags', '', 0, 1),
(49, 49, 'event_tags', '', 0, 1),
(50, 50, 'event_tags', '', 0, 1),
(51, 51, 'event_tags', '', 0, 1),
(52, 52, 'event_tags', '', 0, 1),
(53, 53, 'event_tags', '', 0, 1),
(54, 54, 'event_tags', '', 0, 1),
(55, 55, 'event_tags', '', 0, 2),
(56, 56, 'event_tags', '', 0, 1),
(57, 57, 'event_tags', '', 0, 2),
(58, 58, 'event_tags', '', 0, 2),
(59, 59, 'event_tags', '', 0, 1),
(60, 60, 'event_tags', '', 0, 1),
(61, 61, 'event_tags', '', 0, 1),
(62, 62, 'event_tags', '', 0, 1),
(63, 63, 'event_tags', '', 0, 1),
(68, 68, 'product_type', '', 0, 3),
(69, 69, 'post_tag', '', 0, 1),
(70, 70, 'category', '', 0, 2),
(71, 71, 'post_tag', '', 0, 2),
(72, 72, 'post_tag', '', 0, 1),
(73, 73, 'post_tag', '', 0, 1),
(74, 74, 'post_tag', '', 0, 1),
(75, 75, 'post_tag', '', 0, 3),
(76, 76, 'category', '', 0, 4),
(77, 77, 'post_tag', '', 0, 2),
(78, 78, 'post_tag', '', 0, 1),
(79, 79, 'post_tag', '', 0, 2),
(80, 80, 'post_tag', '', 0, 1),
(81, 81, 'post_tag', '', 0, 1),
(82, 82, 'category', '', 0, 2),
(83, 83, 'post_tag', '', 0, 1),
(84, 84, 'post_tag', '', 0, 1),
(85, 85, 'post_tag', '', 0, 1),
(86, 86, 'post_tag', '', 0, 1),
(87, 87, 'category', '', 0, 1),
(88, 88, 'post_tag', '', 0, 1),
(89, 89, 'post_tag', '', 0, 1),
(90, 90, 'post_tag', '', 0, 1),
(91, 91, 'nav_menu', '', 0, 15),
(92, 92, 'event_loc', '', 0, 0),
(93, 93, 'event_loc', '', 92, 0),
(94, 94, 'event_loc', '', 92, 0),
(95, 95, 'event_loc', '', 93, 0),
(96, 96, 'event_loc', '', 93, 0),
(97, 97, 'event_loc', '', 94, 0),
(98, 98, 'event_loc', '', 94, 0),
(99, 99, 'event_loc', '', 0, 0),
(100, 100, 'event_loc', '', 99, 0),
(101, 101, 'event_loc', '', 99, 0),
(102, 102, 'event_loc', '', 99, 0),
(103, 103, 'event_loc', '', 99, 0),
(104, 104, 'event_loc', '', 0, 0),
(105, 105, 'event_loc', '', 104, 0),
(106, 106, 'event_loc', '', 104, 0),
(107, 107, 'event_loc', '', 104, 0),
(108, 108, 'event_loc', '', 0, 0),
(109, 109, 'event_loc', '', 108, 0),
(110, 110, 'event_loc', '', 108, 0),
(111, 111, 'event_loc', '', 108, 0),
(112, 112, 'event_loc', '', 111, 0),
(113, 113, 'event_loc', '', 111, 0),
(114, 114, 'event_loc', '', 111, 0),
(115, 115, 'event_loc', '', 111, 0),
(116, 116, 'event_loc', '', 0, 0),
(117, 117, 'event_loc', '', 0, 0),
(118, 118, 'event_loc', '', 0, 0),
(119, 119, 'event_loc', '', 0, 0),
(120, 120, 'event_loc', '', 0, 0),
(121, 121, 'event_loc', '', 0, 0),
(122, 122, 'event_loc', '', 0, 0),
(123, 123, 'nav_menu', '', 0, 5);