INSERT INTO `wp_termmeta` (`meta_id`, `term_id`, `meta_key`, `meta_value`) VALUES
(1, 15, 'product_count_product_cat', '4'),
(305, 476, 'order', '0'),
(306, 476, 'commision', '0'),
(307, 476, 'display_type', ''),
(308, 476, 'thumbnail_id', '0'),
(317, 479, 'order', '0'),
(318, 479, 'commision', '0'),
(319, 479, 'display_type', ''),
(320, 479, 'thumbnail_id', '0'),
(321, 479, 'product_count_product_cat', '12'),
(394, 516, 'adforest_make_bid_cat_base', 'no'),
(395, 516, 'adforest_make_cat_paid', 'no'),
(396, 517, 'adforest_make_bid_cat_base', 'no'),
(397, 517, 'adforest_make_cat_paid', 'no'),
(398, 518, 'adforest_make_bid_cat_base', 'no'),
(399, 518, 'adforest_make_cat_paid', 'no'),
(400, 519, 'adforest_make_bid_cat_base', 'no'),
(401, 519, 'adforest_make_cat_paid', 'no'),
(402, 520, 'adforest_make_bid_cat_base', 'no'),
(403, 520, 'adforest_make_cat_paid', 'no'),
(406, 522, 'adforest_make_bid_cat_base', 'no'),
(407, 522, 'adforest_make_cat_paid', 'no'),
(408, 523, 'adforest_make_bid_cat_base', 'no'),
(409, 523, 'adforest_make_cat_paid', 'no'),
(410, 524, 'adforest_make_bid_cat_base', 'no'),
(411, 524, 'adforest_make_cat_paid', 'no'),
(412, 525, 'adforest_make_bid_cat_base', 'no'),
(413, 525, 'adforest_make_cat_paid', 'no'),
(414, 526, 'adforest_make_bid_cat_base', 'no'),
(415, 526, 'adforest_make_cat_paid', 'no'),
(416, 527, 'adforest_make_bid_cat_base', 'no'),
(417, 527, 'adforest_make_cat_paid', 'no'),
(418, 528, 'adforest_make_bid_cat_base', 'no'),
(419, 528, 'adforest_make_cat_paid', 'no'),
(420, 529, 'adforest_make_bid_cat_base', 'no'),
(421, 529, 'adforest_make_cat_paid', 'no'),
(422, 530, 'adforest_make_bid_cat_base', 'no'),
(423, 530, 'adforest_make_cat_paid', 'no'),
(424, 531, 'adforest_make_bid_cat_base', 'no'),
(425, 531, 'adforest_make_cat_paid', 'no'),
(426, 532, 'adforest_make_bid_cat_base', 'no'),
(427, 532, 'adforest_make_cat_paid', 'no'),
(428, 533, 'adforest_make_bid_cat_base', 'no'),
(429, 533, 'adforest_make_cat_paid', 'no'),
(430, 534, 'adforest_make_bid_cat_base', 'no'),
(431, 534, 'adforest_make_cat_paid', 'no'),
(432, 535, 'adforest_make_bid_cat_base', 'no'),
(433, 535, 'adforest_make_cat_paid', 'no'),
(434, 536, 'adforest_make_bid_cat_base', 'no'),
(435, 536, 'adforest_make_cat_paid', 'no'),
(436, 537, 'adforest_make_bid_cat_base', 'no'),
(437, 537, 'adforest_make_cat_paid', 'no'),
(438, 541, '_sb_dynamic_form_fields', 'eyJhY3Rpb24iOiJlZGl0ZWR0YWciLCJ0YWdfSUQiOiI1NDEiLCJ0YXhvbm9teSI6InNiX2R5bmFtaWNfZm9ybV90ZW1wbGF0ZXMiLCJfd3Bfb3JpZ2luYWxfaHR0cF9yZWZlcmVyIjoiaHR0cHM6XC9cL2FkZm9yZXN0cHJvLnNjcmlwdHNidW5kbGUuY29tXC9zZXJ2aWNlZm9yZXN0XC93cC1hZG1pblwvZWRpdC10YWdzLnBocD90YXhvbm9teT1zYl9keW5hbWljX2Zvcm1fdGVtcGxhdGVzJnBvc3RfdHlwZT1hZF9wb3N0IiwiX3dwbm9uY2UiOiIwYzQxNTNhZTlmIiwiX3dwX2h0dHBfcmVmZXJlciI6Ilwvc2VydmljZWZvcmVzdFwvd3AtYWRtaW5cL3Rlcm0ucGhwP3RheG9ub215PXNiX2R5bmFtaWNfZm9ybV90ZW1wbGF0ZXMmdGFnX0lEPTU0MSZwb3N0X3R5cGU9YWRfcG9zdCZ3cF9odHRwX3JlZmVyZXI9JTJGc2VydmljZWZvcmVzdCUyRndwLWFkbWluJTJGZWRpdC10YWdzLnBocCUzRnRheG9ub215JTNEc2JfZHluYW1pY19mb3JtX3RlbXBsYXRlcyUyNnBvc3RfdHlwZSUzRGFkX3Bvc3QiLCJuYW1lIjoiU2VydmljZXMiLCJzbHVnIjoic2VydmljZXMiLCJkZXNjcmlwdGlvbiI6IiIsIl9zYl9kZWZhdWx0X2NhdF9wcmljZV9zaG93IjoiMSIsIl9zYl9kZWZhdWx0X2NhdF9wcmljZV9yZXF1aXJlZCI6IjAiLCJfc2JfZGVmYXVsdF9jYXRfcHJpY2VfdHlwZV9zaG93IjoiMSIsIl9zYl9kZWZhdWx0X2NhdF9wcmljZV90eXBlX3JlcXVpcmVkIjoiMCIsIl9zYl9kZWZhdWx0X2NhdF92aWRlb19zaG93IjoiMSIsIl9zYl9kZWZhdWx0X2NhdF92aWRlb19yZXF1aXJlZCI6IjAiLCJfc2JfZGVmYXVsdF9jYXRfdGFnc19zaG93IjoiMSIsIl9zYl9kZWZhdWx0X2NhdF90YWdzX3JlcXVpcmVkIjoiMCIsIl9zYl9kZWZhdWx0X2NhdF9pbWFnZV9zaG93IjoiMSIsIl9zYl9kZWZhdWx0X2NhdF9pbWFnZV9yZXF1aXJlZCI6IjAiLCJfc2JfZGVmYXVsdF9jYXRfY29uZGl0aW9uX3Nob3ciOiIxIiwiX3NiX2RlZmF1bHRfY2F0X2NvbmRpdGlvbl9yZXF1aXJlZCI6IjAiLCJfc2JfZGVmYXVsdF9jYXRfd2FycmFudHlfc2hvdyI6IjEiLCJfc2JfZGVmYXVsdF9jYXRfd2FycmFudHlfcmVxdWlyZWQiOiIwIiwiX3NiX2RlZmF1bHRfY2F0X2FkX3R5cGVfc2hvdyI6IjEiLCJfc2JfZGVmYXVsdF9jYXRfYWRfdHlwZV9yZXF1aXJlZCI6IjAiLCJfc2JfZHluYW1pY19mb3JtX3R5cGVzIjpbIjEiLCIxIl0sIl9zYl9keW5hbWljX2Zvcm1faW5fc2VhcmNoIjpbInllcyIsInllcyJdLCJfc2JfZHluYW1pY19mb3JtX2NvbHVtbnMiOlsiMTIiLCIxMiJdLCJfc2JfZHluYW1pY19mb3JtX3JlcXVpcmVzIjpbIjEiLCIwIl0sIl9zYl9keW5hbWljX2Zvcm1fc3RhdHVzIjpbIjEiLCIxIl0sIl9zYl9keW5hbWljX2Zvcm1fdGl0bGVzIjpbIm9wZW5pbmcgaG91cnMiLCJzZXJ2aWNlcyJdLCJfc2JfZHluYW1pY19mb3JtX3NsdWdzIjpbIm9wZW5pbmdfaG91cnMiLCJzZXJ2aWNlcyJdLCJfc2JfZHluYW1pY19mb3JtX3ZhbHVlcyI6WyIiLCIiXX0='),
(440, 534, '_sb_category_template', '541'),
(441, 535, '_sb_category_template', '541'),
(442, 544, '_sb_category_template', ''),
(443, 544, 'adforest_make_bid_cat_base', 'no'),
(444, 544, 'adforest_make_cat_paid', 'no');

INSERT INTO `wp_terms` (`term_id`, `name`, `slug`, `term_group`) VALUES
(1, 'Uncategorized', 'uncategorized', 0),
(2, 'simple', 'simple', 0),
(3, 'grouped', 'grouped', 0),
(4, 'variable', 'variable', 0),
(5, 'external', 'external', 0),
(6, 'exclude-from-search', 'exclude-from-search', 0),
(7, 'exclude-from-catalog', 'exclude-from-catalog', 0),
(8, 'featured', 'featured', 0),
(9, 'outofstock', 'outofstock', 0),
(10, 'rated-1', 'rated-1', 0),
(11, 'rated-2', 'rated-2', 0),
(12, 'rated-3', 'rated-3', 0),
(13, 'rated-4', 'rated-4', 0),
(14, 'rated-5', 'rated-5', 0),
(15, 'Uncategorized', 'uncategorized', 0),
(16, 'adforest_classified_pkgs', 'adforest_classified_pkgs', 0),
(211, 'Australia', 'australia', 0),
(212, 'Victoria', 'victoria', 0),
(213, 'Germany', 'germany', 0),
(214, 'Berlin', 'berlin', 0),
(215, 'Hamburg', 'hamburg', 0),
(216, 'Hesse', 'hesse', 0),
(217, 'India', 'india', 0),
(218, 'Delhi', 'delhi', 0),
(219, 'Goa', 'goa', 0),
(220, 'Haryana', 'haryana', 0),
(221, 'Pakistan', 'pakistan', 0),
(222, 'Punjab', 'punjab', 0),
(223, 'Sindh', 'sindh', 0),
(224, 'Baluchistan', 'baluchistan', 0),
(225, 'KPK', 'kpk', 0),
(226, 'Lahore', 'lahore', 0),
(227, 'Multan', 'multan', 0),
(228, 'Dera Ghazi Khan', 'dera-ghazi-khan', 0),
(229, 'Kasur', 'kasur', 0),
(230, 'Sheikhupura', 'sheikhupura', 0),
(231, 'Queensland', 'queensland', 0),
(232, 'Central Queensland', 'central-queensland', 0),
(233, 'North Queensland', 'north-queensland', 0),
(234, 'Albert Park District', 'albert-park-district', 0),
(235, 'Bass District', 'bass-district', 0),
(236, 'Bremen', 'bremen', 0),
(237, 'UAE', 'uae', 0),
(238, 'Abu Dhabi', 'abu-dhabi', 0),
(239, 'Bahrain', 'bahrain', 0),
(240, 'Qatar', 'qatar', 0),
(241, 'Sharjah', 'sharjah', 0),
(242, 'Arad, Bahrain', 'arad-bahrain', 0),
(243, 'Muharraq', 'muharraq', 0),
(244, 'Riffa', 'riffa', 0),
(245, 'USA', 'usa', 0),
(246, 'California', 'california', 0),
(247, 'Sacramento', 'sacramento', 0),
(248, 'Citrus Heights', 'citrus-heights', 0),
(249, 'United States', 'united-states', 0),
(250, 'Alabama', 'alabama', 0),
(251, 'Arizona', 'arizona', 0),
(252, 'Arkansas', 'arkansas', 0),
(255, '$', 'aud', 0),
(256, '£', 'egp', 0),
(257, '¥', 'cny', 0),
(258, '฿', 'thb', 0),
(259, '₨', 'pkr', 0),
(260, '﷼', 'qar', 0),
(261, '₽', 'rub', 0),
(262, 'New', 'new', 0),
(263, 'Used', 'used', 0),
(266, 'Lost and Found', 'lost-and-found', 0),
(267, 'Sell', 'sell', 0),
(268, 'Yes', 'yes', 0),
(269, 'No', 'no', 0),
(270, 'GSPDs', 'gspds', 0),
(271, 'SPDs', 'spds', 0),
(272, 'Breeder Dod', 'breeder-dod', 0),
(279, 'cars', 'cars', 0),
(280, 'bmw', 'bmw', 0),
(281, 'carforsale', 'carforsale', 0),
(282, 'auto', 'auto', 0),
(283, 'carsale', 'carsale', 0),
(284, 'carspot', 'carspot', 0),
(285, 'realestate', 'realestate', 0),
(286, 'homeforsale', 'homeforsale', 0),
(287, 'interiordesign', 'interiordesign', 0),
(288, 'property', 'property', 0),
(289, 'househunting', 'househunting', 0),
(290, 'GRs', 'grs', 0),
(291, 'dogforsale', 'dogforsale', 0),
(292, 'puppy', 'puppy', 0),
(293, 'pupforsale', 'pupforsale', 0),
(294, 'shinnycoat', 'shinnycoat', 0),
(295, 'horses', 'horses', 0),
(296, 'horseriding', 'horseriding', 0),
(297, 'horselovers', 'horselovers', 0),
(298, 'morganhorse', 'morganhorse', 0),
(299, 'horseforracing', 'horseforracing', 0),
(300, 'Pets', 'pets', 0),
(301, 'cats', 'cats', 0),
(302, 'catforsale', 'catforsale', 0),
(303, 'petlovers', 'petlovers', 0),
(304, 'persiancats', 'persiancats', 0),
(305, 'doublecoat', 'doublecoat', 0),
(306, 'ragdolls', 'ragdolls', 0),
(307, 'catslover', 'catslover', 0),
(308, 'fullytrainedcats', 'fullytrainedcats', 0),
(309, 'adultcats', 'adultcats', 0),
(310, 'whitecats', 'whitecats', 0),
(311, 'Teslamotors', 'teslamotors', 0),
(312, 'teslaforsale', 'teslaforsale', 0),
(313, 'teslaroadster', 'teslaroadster', 0),
(314, 'autodrivencars', 'autodrivencars', 0),
(315, 'modelx', 'modelx', 0),
(316, 'blueandgoldmacaw', 'blueandgoldmacaw', 0),
(317, 'macawsofig', 'macawsofig', 0),
(318, 'macaw', 'macaw', 0),
(319, 'femalemacaw', 'femalemacaw', 0),
(320, 'birdslife', 'birdslife', 0),
(321, 'parrotaddicts', 'parrotaddicts', 0),
(322, 'Villa', 'villa', 0),
(323, 'Luxury', 'luxury', 0),
(324, 'design', 'design', 0),
(325, 'architecture', 'architecture', 0),
(326, 'house', 'house', 0),
(327, 'furnishedhomes', 'furnishedhomes', 0),
(328, 'Motorbike', 'motorbike', 0),
(329, 'bikesride', 'bikesride', 0),
(330, 'Suzukibikes', 'suzukibikes', 0),
(331, 'bikelovers', 'bikelovers', 0),
(332, 'motocycles', 'motocycles', 0),
(333, 'bikers', 'bikers', 0),
(334, 'cleaningservice', 'cleaningservice', 0),
(335, 'cleaning', 'cleaning', 0),
(336, 'cleaninghacks', 'cleaninghacks', 0),
(337, 'housecleaning', 'housecleaning', 0),
(338, 'cleanhouse', 'cleanhouse', 0),
(339, 'cleaningserviceprovider', 'cleaningserviceprovider', 0),
(340, 'officecleaningservice', 'officecleaningservice', 0),
(341, 'Bluetang', 'bluetang', 0),
(342, 'Aquraium', 'aquraium', 0),
(343, 'Reeftank', 'reeftank', 0),
(344, 'fish', 'fish', 0),
(345, 'saltwateraquarium', 'saltwateraquarium', 0),
(346, 'fussyfish', 'fussyfish', 0),
(347, 'pinkfishes', 'pinkfishes', 0),
(348, 'Samsung', 'samsung', 0),
(349, 'Ultra', 'ultra', 0),
(350, 'Latestsamsungphones', 'latestsamsungphones', 0),
(351, 'smartphone', 'smartphone', 0),
(352, 'ultra 5G', 'ultra-5g', 0),
(353, 'samsungphotography', 'samsungphotography', 0),
(354, 'samsung s21 Ultra', 'samsung-s21-ultra', 0),
(355, 'iPaddrawing', 'ipaddrawing', 0),
(356, 'Procreate', 'procreate', 0),
(357, 'gamingtablet', 'gamingtablet', 0),
(358, 'iPadart', 'ipadart', 0),
(359, 'Applepencil', 'applepencil', 0),
(360, 'iPad Pro', 'ipad-pro', 0),
(361, 'Apple tablets', 'apple-tablets', 0),
(362, 'Apple', 'apple', 0),
(363, 'iphone 13', 'iphone-13', 0),
(364, 'latest release', 'latest-release', 0),
(365, 'iphone 13Pro Max', 'iphone-13pro-max', 0),
(366, 'apple accessories', 'apple-accessories', 0),
(367, 'applestore', 'applestore', 0),
(368, 'Nautique', 'nautique', 0),
(369, 'Wavesurf', 'wavesurf', 0),
(370, 'airboat', 'airboat', 0),
(371, 'wakeboat', 'wakeboat', 0),
(372, 'boatlife', 'boatlife', 0),
(373, 'wakeboarding', 'wakeboarding', 0),
(374, 'surfing', 'surfing', 0),
(375, 'boating', 'boating', 0),
(376, 'Painting', 'painting', 0),
(377, 'Art', 'art', 0),
(378, 'artists', 'artists', 0),
(379, 'oil painting', 'oil-painting', 0),
(380, 'acrylics', 'acrylics', 0),
(381, 'deep art', 'deep-art', 0),
(382, 'creativity', 'creativity', 0),
(383, 'creative painting', 'creative-painting', 0),
(384, 'contemporaryart', 'contemporaryart', 0),
(385, 'art gallery', 'art-gallery', 0),
(386, 'rottweiler', 'rottweiler', 0),
(387, 'dog', 'dog', 0),
(388, 'guarddog', 'guarddog', 0),
(389, 'rottielove', 'rottielove', 0),
(390, 'puppylove', 'puppylove', 0),
(391, 'rottweilerpuppies', 'rottweilerpuppies', 0),
(392, 'rotties', 'rotties', 0),
(393, 'ottweilerbreed', 'ottweilerbreed', 0),
(394, 'rottweilerland', 'rottweilerland', 0),
(395, 'controllergang', 'controllergang', 0),
(396, 'customcontroller', 'customcontroller', 0),
(397, 'moddedcontroller', 'moddedcontroller', 0),
(398, 'gamingroom', 'gamingroom', 0),
(399, 'gaminglife', 'gaminglife', 0),
(400, 'controllers', 'controllers', 0),
(401, 'gamingsetup', 'gamingsetup', 0),
(402, 'yacht', 'yacht', 0),
(403, 'beachlife', 'beachlife', 0),
(404, 'nature', 'nature', 0),
(405, 'sailing', 'sailing', 0),
(406, 'fishing', 'fishing', 0),
(407, 'Breederdog', 'breederdog', 0),
(408, 'guard dog', 'guard-dog', 0),
(414, 'food', 'food', 0),
(415, 'classified', 'classified', 0),
(416, 'Promotion', 'promotion', 0),
(417, 'Sell and Buy', 'sell-and-buy', 0),
(418, 'technology', 'technology', 0),
(419, 'data analysis', 'data-analysis', 0),
(420, 'marketing', 'marketing', 0),
(421, 'ecommerce', 'ecommerce', 0),
(422, 'bitcoin trading', 'bitcoin-trading', 0),
(423, 'Business deal', 'business-deal', 0),
(424, 'marketing strategies', 'marketing-strategies', 0),
(425, 'healthy food', 'healthy-food', 0),
(426, 'food bloging', 'food-bloging', 0),
(427, 'advertisements', 'advertisements', 0),
(428, 'online marketing', 'online-marketing', 0),
(429, 'business strategies', 'business-strategies', 0),
(430, 'New Tech', 'new-tech', 0),
(431, 'Electronic Products', 'electronic-products', 0),
(432, 'Footer Menu', 'footer-menu', 0),
(433, 'Main menu', 'main-menu', 0),
(435, 'Vendor Menu', 'vendor-menu', 0),
(436, 'Min Price', 'min-price', 0),
(437, 'Max Price', 'max-price', 0),
(438, 'Top rated vendor', 'top-rated-vendor', 0),
(476, 'Party', 'party', 0),
(479, 'Services', 'services', 0),
(516, 'Education &amp; Classes', 'education-classes', 0),
(517, 'Web Development', 'web-development', 0),
(518, 'Electronics and Computer Repair', 'electronics-and-computer-repair', 0),
(519, 'Event Services', 'event-services', 0),
(520, 'Health &amp; Beauty', 'health-beauty', 0),
(522, 'Beautician', 'beautician', 0),
(523, 'Nutritionist', 'nutritionist', 0),
(524, 'Maids and Domestic Help', 'maids-and-domestic-help', 0),
(525, 'Catering &amp; Restaurants', 'catering-restaurants', 0),
(526, 'Movers &amp; Packers', 'movers-packers', 0),
(527, 'Mechanics', 'mechanics', 0),
(528, 'Painters', 'painters', 0),
(529, 'Plumber', 'plumber', 0),
(530, 'Saloon', 'saloon', 0),
(531, 'Massage Parlor', 'massage-parlor', 0),
(532, 'Advocate', 'advocate', 0),
(533, 'Grocer', 'grocer', 0),
(534, 'Electrician', 'electrician', 0),
(535, 'Machines', 'machines', 0),
(536, 'Car Mechanic', 'car-mechanic', 0),
(537, 'Bike Mechanic', 'bike-mechanic', 0),
(538, 'bike', 'bike', 0),
(539, 'Mechanic', 'mechanic', 0),
(540, 'services', 'services', 0),
(541, 'Services', 'services', 0),
(542, 'Buy', 'buy', 0),
(543, 'car mechanic', 'car-mechanic', 0),
(544, 'Doctor', 'doctor', 0);
INSERT INTO `wp_term_relationships` (`object_id`, `term_taxonomy_id`, `term_order`) VALUES
(37, 15, 0),
(37, 16, 0),
(38, 15, 0),
(38, 16, 0),
(39, 15, 0),
(39, 16, 0),
(425, 1, 0),
(425, 414, 0),
(425, 415, 0),
(425, 416, 0),
(425, 417, 0),
(429, 1, 0),
(429, 418, 0),
(429, 419, 0),
(429, 420, 0),
(435, 1, 0),
(435, 418, 0),
(435, 421, 0),
(435, 422, 0),
(440, 1, 0),
(440, 420, 0),
(440, 423, 0),
(440, 424, 0),
(445, 1, 0),
(457, 1, 0),
(457, 414, 0),
(457, 425, 0),
(457, 426, 0),
(461, 1, 0),
(461, 420, 0),
(461, 421, 0),
(461, 427, 0),
(461, 428, 0),
(461, 429, 0),
(465, 1, 0),
(465, 430, 0),
(465, 431, 0),
(536, 432, 0),
(537, 432, 0),
(538, 432, 0),
(539, 432, 0),
(908, 433, 0),
(909, 433, 0),
(914, 433, 0),
(915, 433, 0),
(916, 433, 0),
(917, 433, 0),
(930, 433, 0),
(931, 433, 0),
(932, 433, 0),
(933, 433, 0),
(934, 433, 0),
(935, 433, 0),
(936, 433, 0),
(937, 433, 0),
(938, 433, 0),
(939, 433, 0),
(940, 433, 0),
(941, 433, 0),
(942, 433, 0),
(943, 433, 0),
(944, 433, 0),
(945, 433, 0),
(946, 433, 0),
(947, 433, 0),
(948, 433, 0),
(949, 433, 0),
(950, 433, 0),
(951, 433, 0),
(952, 433, 0),
(953, 433, 0),
(954, 433, 0),
(955, 433, 0),
(1075, 433, 0),
(1076, 433, 0),
(1077, 433, 0),
(1223, 435, 0),
(1224, 435, 0),
(1225, 435, 0),
(1226, 435, 0),
(1227, 435, 0),
(1277, 2, 0),
(1277, 15, 0),
(1341, 433, 0),
(1342, 433, 0),
(1343, 433, 0),
(1345, 433, 0),
(1346, 433, 0),
(1347, 433, 0),
(1348, 433, 0),
(1349, 433, 0),
(1351, 433, 0),
(1352, 433, 0),
(1353, 433, 0),
(1354, 433, 0),
(1355, 433, 0),
(1356, 433, 0),
(1357, 433, 0),
(1358, 433, 0),
(1359, 433, 0),
(1360, 433, 0),
(1461, 2, 0),
(1471, 2, 0),
(1471, 15, 0),
(1472, 2, 0),
(1472, 15, 0),
(1473, 2, 0),
(1473, 15, 0),
(1474, 2, 0),
(1474, 15, 0),
(1475, 2, 0),
(1475, 15, 0),
(1476, 2, 0),
(1476, 15, 0),
(1477, 2, 0),
(1477, 15, 0),
(1592, 2, 0),
(1592, 479, 0),
(1600, 2, 0),
(1600, 479, 0),
(1601, 2, 0),
(1601, 479, 0),
(1603, 2, 0),
(1603, 479, 0),
(1604, 2, 0),
(1604, 15, 0),
(1605, 2, 0),
(1605, 479, 0),
(1606, 2, 0),
(1606, 479, 0),
(1607, 2, 0),
(1607, 479, 0),
(1717, 2, 0),
(1717, 479, 0),
(1718, 2, 0),
(1718, 479, 0),
(1720, 2, 0),
(1720, 479, 0),
(1721, 2, 0),
(1721, 479, 0),
(1755, 15, 0),
(1755, 16, 0),
(1756, 15, 0),
(1756, 16, 0),
(1757, 15, 0),
(1757, 16, 0),
(1784, 2, 0),
(1784, 479, 0),
(1798, 256, 0),
(1798, 262, 0),
(1798, 267, 0),
(1798, 268, 0),
(1798, 535, 0),
(1798, 537, 0),
(1798, 538, 0),
(1798, 539, 0),
(1806, 256, 0),
(1806, 262, 0),
(1806, 267, 0),
(1806, 268, 0),
(1806, 535, 0),
(1806, 536, 0),
(1806, 540, 0),
(1822, 263, 0),
(1822, 267, 0),
(1822, 268, 0),
(1822, 535, 0),
(1822, 543, 0),
(1833, 544, 0),
(1844, 544, 0),
(1854, 268, 0),
(1854, 534, 0),
(1862, 268, 0),
(1862, 535, 0),
(1872, 433, 0),
(1873, 433, 0),
(1874, 433, 0),
(1875, 433, 0),
(1876, 433, 0),
(1877, 433, 0),
(1878, 433, 0),
(1879, 433, 0),
(1880, 433, 0),
(1881, 433, 0),
(1882, 433, 0),
(1883, 433, 0),
(1884, 433, 0),
(1885, 433, 0),
(1886, 433, 0),
(1887, 433, 0);

INSERT INTO `wp_term_taxonomy` (`term_taxonomy_id`, `term_id`, `taxonomy`, `description`, `parent`, `count`) VALUES
(1, 1, 'category', '', 0, 3),
(2, 2, 'product_type', '', 0, 13),
(3, 3, 'product_type', '', 0, 0),
(4, 4, 'product_type', '', 0, 0),
(5, 5, 'product_type', '', 0, 0),
(6, 6, 'product_visibility', '', 0, 0),
(7, 7, 'product_visibility', '', 0, 0),
(8, 8, 'product_visibility', '', 0, 0),
(9, 9, 'product_visibility', '', 0, 0),
(10, 10, 'product_visibility', '', 0, 0),
(11, 11, 'product_visibility', '', 0, 0),
(12, 12, 'product_visibility', '', 0, 0),
(13, 13, 'product_visibility', '', 0, 0),
(14, 14, 'product_visibility', '', 0, 0),
(15, 15, 'product_cat', '', 0, 4),
(16, 16, 'product_type', '', 0, 3),
(211, 211, 'ad_country', '', 0, 0),
(212, 212, 'ad_country', '', 211, 0),
(213, 213, 'ad_country', '', 0, 0),
(214, 214, 'ad_country', '', 213, 0),
(215, 215, 'ad_country', '', 213, 0),
(216, 216, 'ad_country', '', 213, 0),
(217, 217, 'ad_country', '', 0, 0),
(218, 218, 'ad_country', '', 217, 0),
(219, 219, 'ad_country', '', 217, 0),
(220, 220, 'ad_country', '', 217, 0),
(221, 221, 'ad_country', '', 0, 0),
(222, 222, 'ad_country', '', 221, 0),
(223, 223, 'ad_country', '', 221, 0),
(224, 224, 'ad_country', '', 221, 0),
(225, 225, 'ad_country', '', 221, 0),
(226, 226, 'ad_country', '', 222, 0),
(227, 227, 'ad_country', '', 222, 0),
(228, 228, 'ad_country', '', 222, 0),
(229, 229, 'ad_country', '', 226, 0),
(230, 230, 'ad_country', '', 226, 0),
(231, 231, 'ad_country', '', 211, 0),
(232, 232, 'ad_country', '', 231, 0),
(233, 233, 'ad_country', '', 231, 0),
(234, 234, 'ad_country', '', 212, 0),
(235, 235, 'ad_country', '', 212, 0),
(236, 236, 'ad_country', '', 213, 0),
(237, 237, 'ad_country', '', 0, 0),
(238, 238, 'ad_country', '', 237, 0),
(239, 239, 'ad_country', '', 237, 0),
(240, 240, 'ad_country', '', 237, 0),
(241, 241, 'ad_country', '', 237, 0),
(242, 242, 'ad_country', '', 239, 0),
(243, 243, 'ad_country', '', 239, 0),
(244, 244, 'ad_country', '', 241, 0),
(245, 245, 'ad_country', '', 0, 0),
(246, 246, 'ad_country', '', 245, 0),
(247, 247, 'ad_country', '', 246, 0),
(248, 248, 'ad_country', '', 247, 0),
(249, 249, 'ad_country', '', 0, 0),
(250, 250, 'ad_country', '', 249, 0),
(251, 251, 'ad_country', '', 249, 0),
(252, 252, 'ad_country', '', 249, 0),
(255, 255, 'ad_currency', '', 0, 0),
(256, 256, 'ad_currency', '', 0, 2),
(257, 257, 'ad_currency', '', 0, 0),
(258, 258, 'ad_currency', '', 0, 0),
(259, 259, 'ad_currency', '', 0, 0),
(260, 260, 'ad_currency', '', 0, 0),
(261, 261, 'ad_currency', '', 0, 0),
(262, 262, 'ad_condition', '', 0, 2),
(263, 263, 'ad_condition', '', 0, 1),
(266, 266, 'ad_type', '', 0, 0),
(267, 267, 'ad_type', '', 0, 3),
(268, 268, 'ad_warranty', '', 0, 5),
(269, 269, 'ad_warranty', '', 0, 0),
(270, 270, 'ad_tags', '', 0, 0),
(271, 271, 'ad_tags', '', 0, 0),
(272, 272, 'ad_tags', '', 0, 0),
(279, 279, 'ad_tags', '', 0, 0),
(280, 280, 'ad_tags', '', 0, 0),
(281, 281, 'ad_tags', '', 0, 0),
(282, 282, 'ad_tags', '', 0, 0),
(283, 283, 'ad_tags', '', 0, 0),
(284, 284, 'ad_tags', '', 0, 0),
(285, 285, 'ad_tags', '', 0, 0),
(286, 286, 'ad_tags', '', 0, 0),
(287, 287, 'ad_tags', '', 0, 0),
(288, 288, 'ad_tags', '', 0, 0),
(289, 289, 'ad_tags', '', 0, 0),
(290, 290, 'ad_tags', '', 0, 0),
(291, 291, 'ad_tags', '', 0, 0),
(292, 292, 'ad_tags', '', 0, 0),
(293, 293, 'ad_tags', '', 0, 0),
(294, 294, 'ad_tags', '', 0, 0),
(295, 295, 'ad_tags', '', 0, 0),
(296, 296, 'ad_tags', '', 0, 0),
(297, 297, 'ad_tags', '', 0, 0),
(298, 298, 'ad_tags', '', 0, 0),
(299, 299, 'ad_tags', '', 0, 0),
(300, 300, 'ad_tags', '', 0, 0),
(301, 301, 'ad_tags', '', 0, 0),
(302, 302, 'ad_tags', '', 0, 0),
(303, 303, 'ad_tags', '', 0, 0),
(304, 304, 'ad_tags', '', 0, 0),
(305, 305, 'ad_tags', '', 0, 0),
(306, 306, 'ad_tags', '', 0, 0),
(307, 307, 'ad_tags', '', 0, 0),
(308, 308, 'ad_tags', '', 0, 0),
(309, 309, 'ad_tags', '', 0, 0),
(310, 310, 'ad_tags', '', 0, 0),
(311, 311, 'ad_tags', '', 0, 0),
(312, 312, 'ad_tags', '', 0, 0),
(313, 313, 'ad_tags', '', 0, 0),
(314, 314, 'ad_tags', '', 0, 0),
(315, 315, 'ad_tags', '', 0, 0),
(316, 316, 'ad_tags', '', 0, 0),
(317, 317, 'ad_tags', '', 0, 0),
(318, 318, 'ad_tags', '', 0, 0),
(319, 319, 'ad_tags', '', 0, 0),
(320, 320, 'ad_tags', '', 0, 0),
(321, 321, 'ad_tags', '', 0, 0),
(322, 322, 'ad_tags', '', 0, 0),
(323, 323, 'ad_tags', '', 0, 0),
(324, 324, 'ad_tags', '', 0, 0),
(325, 325, 'ad_tags', '', 0, 0),
(326, 326, 'ad_tags', '', 0, 0),
(327, 327, 'ad_tags', '', 0, 0),
(328, 328, 'ad_tags', '', 0, 0),
(329, 329, 'ad_tags', '', 0, 0),
(330, 330, 'ad_tags', '', 0, 0),
(331, 331, 'ad_tags', '', 0, 0),
(332, 332, 'ad_tags', '', 0, 0),
(333, 333, 'ad_tags', '', 0, 0),
(334, 334, 'ad_tags', '', 0, 0),
(335, 335, 'ad_tags', '', 0, 0),
(336, 336, 'ad_tags', '', 0, 0),
(337, 337, 'ad_tags', '', 0, 0),
(338, 338, 'ad_tags', '', 0, 0),
(339, 339, 'ad_tags', '', 0, 0),
(340, 340, 'ad_tags', '', 0, 0),
(341, 341, 'ad_tags', '', 0, 0),
(342, 342, 'ad_tags', '', 0, 0),
(343, 343, 'ad_tags', '', 0, 0),
(344, 344, 'ad_tags', '', 0, 0),
(345, 345, 'ad_tags', '', 0, 0),
(346, 346, 'ad_tags', '', 0, 0),
(347, 347, 'ad_tags', '', 0, 0),
(348, 348, 'ad_tags', '', 0, 0),
(349, 349, 'ad_tags', '', 0, 0),
(350, 350, 'ad_tags', '', 0, 0),
(351, 351, 'ad_tags', '', 0, 0),
(352, 352, 'ad_tags', '', 0, 0),
(353, 353, 'ad_tags', '', 0, 0),
(354, 354, 'ad_tags', '', 0, 0),
(355, 355, 'ad_tags', '', 0, 0),
(356, 356, 'ad_tags', '', 0, 0),
(357, 357, 'ad_tags', '', 0, 0),
(358, 358, 'ad_tags', '', 0, 0),
(359, 359, 'ad_tags', '', 0, 0),
(360, 360, 'ad_tags', '', 0, 0),
(361, 361, 'ad_tags', '', 0, 0),
(362, 362, 'ad_tags', '', 0, 0),
(363, 363, 'ad_tags', '', 0, 0),
(364, 364, 'ad_tags', '', 0, 0),
(365, 365, 'ad_tags', '', 0, 0),
(366, 366, 'ad_tags', '', 0, 0),
(367, 367, 'ad_tags', '', 0, 0),
(368, 368, 'ad_tags', '', 0, 0),
(369, 369, 'ad_tags', '', 0, 0),
(370, 370, 'ad_tags', '', 0, 0),
(371, 371, 'ad_tags', '', 0, 0),
(372, 372, 'ad_tags', '', 0, 0),
(373, 373, 'ad_tags', '', 0, 0),
(374, 374, 'ad_tags', '', 0, 0),
(375, 375, 'ad_tags', '', 0, 0),
(376, 376, 'ad_tags', '', 0, 0),
(377, 377, 'ad_tags', '', 0, 0),
(378, 378, 'ad_tags', '', 0, 0),
(379, 379, 'ad_tags', '', 0, 0),
(380, 380, 'ad_tags', '', 0, 0),
(381, 381, 'ad_tags', '', 0, 0),
(382, 382, 'ad_tags', '', 0, 0),
(383, 383, 'ad_tags', '', 0, 0),
(384, 384, 'ad_tags', '', 0, 0),
(385, 385, 'ad_tags', '', 0, 0),
(386, 386, 'ad_tags', '', 0, 0),
(387, 387, 'ad_tags', '', 0, 0),
(388, 388, 'ad_tags', '', 0, 0),
(389, 389, 'ad_tags', '', 0, 0),
(390, 390, 'ad_tags', '', 0, 0),
(391, 391, 'ad_tags', '', 0, 0),
(392, 392, 'ad_tags', '', 0, 0),
(393, 393, 'ad_tags', '', 0, 0),
(394, 394, 'ad_tags', '', 0, 0),
(395, 395, 'ad_tags', '', 0, 0),
(396, 396, 'ad_tags', '', 0, 0),
(397, 397, 'ad_tags', '', 0, 0),
(398, 398, 'ad_tags', '', 0, 0),
(399, 399, 'ad_tags', '', 0, 0),
(400, 400, 'ad_tags', '', 0, 0),
(401, 401, 'ad_tags', '', 0, 0),
(402, 402, 'ad_tags', '', 0, 0),
(403, 403, 'ad_tags', '', 0, 0),
(404, 404, 'ad_tags', '', 0, 0),
(405, 405, 'ad_tags', '', 0, 0),
(406, 406, 'ad_tags', '', 0, 0),
(407, 407, 'ad_tags', '', 0, 0),
(408, 408, 'ad_tags', '', 0, 0),
(414, 414, 'post_tag', '', 0, 1),
(415, 415, 'post_tag', '', 0, 0),
(416, 416, 'post_tag', '', 0, 0),
(417, 417, 'post_tag', '', 0, 0),
(418, 418, 'post_tag', '', 0, 0),
(419, 419, 'post_tag', '', 0, 0),
(420, 420, 'post_tag', '', 0, 1),
(421, 421, 'post_tag', '', 0, 0),
(422, 422, 'post_tag', '', 0, 0),
(423, 423, 'post_tag', '', 0, 1),
(424, 424, 'post_tag', '', 0, 1),
(425, 425, 'post_tag', '', 0, 1),
(426, 426, 'post_tag', '', 0, 1),
(427, 427, 'post_tag', '', 0, 0),
(428, 428, 'post_tag', '', 0, 0),
(429, 429, 'post_tag', '', 0, 0),
(430, 430, 'post_tag', '', 0, 0),
(431, 431, 'post_tag', '', 0, 0),
(432, 432, 'nav_menu', '', 0, 4),
(433, 433, 'nav_menu', '', 0, 69),
(435, 435, 'nav_menu', '', 0, 5),
(436, 436, 'wcmp_spmv', 'Used for minimum price products under all single product multi vendor concept.', 0, 0),
(437, 437, 'wcmp_spmv', 'Used for maximum price products under all single product multi vendor concept.', 0, 0),
(438, 438, 'wcmp_spmv', 'Used for top rated vendor products under all single product multi vendor concept.', 0, 0),
(476, 476, 'product_cat', '', 0, 0),
(479, 479, 'product_cat', '', 0, 12),
(516, 516, 'ad_cats', '', 0, 0),
(517, 517, 'ad_cats', '', 0, 0),
(518, 518, 'ad_cats', '', 0, 0),
(519, 519, 'ad_cats', '', 0, 0),
(520, 520, 'ad_cats', '', 0, 0),
(522, 522, 'ad_cats', '', 520, 0),
(523, 523, 'ad_cats', '', 520, 0),
(524, 524, 'ad_cats', '', 520, 0),
(525, 525, 'ad_cats', '', 520, 0),
(526, 526, 'ad_cats', '', 520, 0),
(527, 527, 'ad_cats', '', 520, 0),
(528, 528, 'ad_cats', '', 520, 0),
(529, 529, 'ad_cats', '', 520, 0),
(530, 530, 'ad_cats', '', 520, 0),
(531, 531, 'ad_cats', '', 520, 0),
(532, 532, 'ad_cats', '', 0, 0),
(533, 533, 'ad_cats', '', 0, 0),
(534, 534, 'ad_cats', '', 0, 1),
(535, 535, 'ad_cats', '', 0, 4),
(536, 536, 'ad_cats', '', 535, 1),
(537, 537, 'ad_cats', '', 535, 1),
(538, 538, 'ad_tags', '', 0, 1),
(539, 539, 'ad_tags', '', 0, 1),
(540, 540, 'ad_tags', '', 0, 1),
(541, 541, 'sb_dynamic_form_templates', '', 0, 0),
(542, 542, 'ad_type', '', 0, 0),
(543, 543, 'ad_tags', '', 0, 1),
(544, 544, 'ad_cats', '', 0, 2);